policy_id,model_id,phase,aggregation,smoothing,reliability_alpha,tau_up,tau_down,k_up,k_down,cooldown_s,tp,normal_false_events,fn,wrong_window_accident_alerts,duplicate_accident_alerts,precision,recall,f1,fph,mean_signed_delay_s,threshold,persistence_window_s,required_active_observations,merge_gap_s,feasible_under_fph5,selected_calibration_policy,pareto_frontier,dominated,selection_rule,fixed_policy_validation_tp,fixed_policy_validation_normal_fp,fixed_policy_validation_fn,fixed_policy_validation_recall,fixed_policy_validation_precision,fixed_policy_validation_f1,fixed_policy_validation_fph
4f92aacb9bc75953ad1d,trackfeat132,screen,maximum,none,0.0,0.6,0.4,2,3,2.0,27,103,20,24,0,0.1753246753246753,0.574468085106383,0.2686567164179104,62.86493194718541,-0.8711111111111113,0.6,0.4,2,2.0,False,False,False,True,retain <=5 normal FPH; maximize recall; within .02 recall highest F1; precision final tie-break,,,,,,,
7013e518244517ffff73,trackfeat132,screen,maximum,trailing3,0.0,0.6,0.4,2,3,2.0,26,88,21,23,0,0.1897810218978102,0.5531914893617021,0.2826086956521739,53.70984477041083,-0.6446153846153846,0.6,0.4,2,2.0,False,False,False,True,retain <=5 normal FPH; maximize recall; within .02 recall highest F1; precision final tie-break,,,,,,,
7948945cfffc300913ca,trackfeat132,screen,maximum,trailing5,0.0,0.6,0.4,2,3,2.0,24,76,23,21,0,0.1983471074380165,0.5106382978723404,0.2857142857142857,46.385775028991176,-0.6733333333333332,0.6,0.4,2,2.0,False,False,False,True,retain <=5 normal FPH; maximize recall; within .02 recall highest F1; precision final tie-break,,,,,,,
729ff32f56bc007c8016,trackfeat132,screen,maximum,trailing10,0.0,0.6,0.4,2,3,2.0,21,55,26,19,0,0.2210526315789473,0.4468085106382978,0.2957746478873239,33.56865298150677,-0.6038095238095237,0.6,0.4,2,2.0,False,False,False,True,retain <=5 normal FPH; maximize recall; within .02 recall highest F1; precision final tie-break,,,,,,,
103b905a921c777f934d,trackfeat132,screen,maximum,ema5,0.0,0.6,0.4,2,3,2.0,24,71,23,22,0,0.2051282051282051,0.5106382978723404,0.2926829268292683,43.334079303399655,-0.61,0.6,0.4,2,2.0,False,False,False,True,retain <=5 normal FPH; maximize recall; within .02 recall highest F1; precision final tie-break,,,,,,,
4dd62dc2b3bdb23d43d2,trackfeat132,screen,maximum,ema10,0.0,0.6,0.4,2,3,2.0,22,53,25,19,0,0.2340425531914893,0.4680851063829787,0.3120567375886525,32.34797469127016,-0.5963636363636364,0.6,0.4,2,2.0,False,False,False,True,retain <=5 normal FPH; maximize recall; within .02 recall highest F1; precision final tie-break,,,,,,,
10cd77ab7a3ed5d6dba5,trackfeat132,screen,maximum,trailing60,0.0,0.6,0.4,2,3,2.0,18,24,29,16,0,0.3103448275862069,0.3829787234042553,0.3428571428571428,14.64813948283932,-0.7333333333333333,0.6,0.4,2,2.0,False,False,False,True,retain <=5 normal FPH; maximize recall; within .02 recall highest F1; precision final tie-break,,,,,,,
ea00bb19fcc3d001453f,trackfeat132,screen,mean,none,0.0,0.6,0.4,2,3,2.0,28,6,19,16,0,0.56,0.5957446808510638,0.577319587628866,3.66203487070983,-0.9242857142857142,0.6,0.4,2,2.0,True,False,False,True,retain <=5 normal FPH; maximize recall; within .02 recall highest F1; precision final tie-break,,,,,,,
b7a35483bbd8378ad900,trackfeat132,screen,mean,trailing3,0.0,0.6,0.4,2,3,2.0,27,4,20,16,0,0.574468085106383,0.574468085106383,0.574468085106383,2.44135658047322,-0.797037037037037,0.6,0.4,2,2.0,True,False,False,True,retain <=5 normal FPH; maximize recall; within .02 recall highest F1; precision final tie-break,,,,,,,
3cf9e390b4060d3e1a31,trackfeat132,screen,mean,trailing5,0.0,0.6,0.4,2,3,2.0,26,4,21,13,0,0.6046511627906976,0.5531914893617021,0.5777777777777778,2.44135658047322,-0.8000000000000002,0.6,0.4,2,2.0,True,False,False,True,retain <=5 normal FPH; maximize recall; within .02 recall highest F1; precision final tie-break,,,,,,,
ae553990fd55a81706a7,trackfeat132,screen,mean,trailing10,0.0,0.6,0.4,2,3,2.0,22,3,25,11,0,0.6111111111111112,0.4680851063829787,0.5301204819277109,1.831017435354915,-0.7400000000000001,0.6,0.4,2,2.0,True,False,False,True,retain <=5 normal FPH; maximize recall; within .02 recall highest F1; precision final tie-break,,,,,,,
d5a43642aef57ff86e80,trackfeat132,screen,mean,ema5,0.0,0.6,0.4,2,3,2.0,24,4,23,15,0,0.5581395348837209,0.5106382978723404,0.5333333333333333,2.44135658047322,-0.7316666666666666,0.6,0.4,2,2.0,True,False,False,True,retain <=5 normal FPH; maximize recall; within .02 recall highest F1; precision final tie-break,,,,,,,
1760cbd1bb6c5d3e9cf0,trackfeat132,screen,mean,ema10,0.0,0.6,0.4,2,3,2.0,23,3,24,11,0,0.6216216216216216,0.4893617021276595,0.5476190476190476,1.831017435354915,-0.7008695652173912,0.6,0.4,2,2.0,True,False,False,True,retain <=5 normal FPH; maximize recall; within .02 recall highest F1; precision final tie-break,,,,,,,
7ebd9e55da874c4ff659,trackfeat132,screen,mean,trailing60,0.0,0.6,0.4,2,3,2.0,18,0,29,9,0,0.6666666666666666,0.3829787234042553,0.4864864864864864,0.0,-0.7333333333333334,0.6,0.4,2,2.0,True,False,True,False,retain <=5 normal FPH; maximize recall; within .02 recall highest F1; precision final tie-break,,,,,,,
5ac61d31a410f0905cd5,trackfeat132,screen,trimmed_mean,none,0.0,0.6,0.4,2,3,2.0,28,6,19,16,0,0.56,0.5957446808510638,0.577319587628866,3.66203487070983,-0.9242857142857142,0.6,0.4,2,2.0,True,False,False,True,retain <=5 normal FPH; maximize recall; within .02 recall highest F1; precision final tie-break,,,,,,,
f0311f5bef5a56d6a542,trackfeat132,screen,trimmed_mean,trailing3,0.0,0.6,0.4,2,3,2.0,27,4,20,16,0,0.574468085106383,0.574468085106383,0.574468085106383,2.44135658047322,-0.797037037037037,0.6,0.4,2,2.0,True,False,False,True,retain <=5 normal FPH; maximize recall; within .02 recall highest F1; precision final tie-break,,,,,,,
d294d49c9359c1c8fe25,trackfeat132,screen,trimmed_mean,trailing5,0.0,0.6,0.4,2,3,2.0,26,4,21,13,0,0.6046511627906976,0.5531914893617021,0.5777777777777778,2.44135658047322,-0.8000000000000002,0.6,0.4,2,2.0,True,False,False,True,retain <=5 normal FPH; maximize recall; within .02 recall highest F1; precision final tie-break,,,,,,,
217e753b24e9af018716,trackfeat132,screen,trimmed_mean,trailing10,0.0,0.6,0.4,2,3,2.0,22,3,25,11,0,0.6111111111111112,0.4680851063829787,0.5301204819277109,1.831017435354915,-0.7490909090909093,0.6,0.4,2,2.0,True,False,False,True,retain <=5 normal FPH; maximize recall; within .02 recall highest F1; precision final tie-break,,,,,,,
e32a9abbd75352b5090d,trackfeat132,screen,trimmed_mean,ema5,0.0,0.6,0.4,2,3,2.0,24,4,23,15,0,0.5581395348837209,0.5106382978723404,0.5333333333333333,2.44135658047322,-0.7399999999999999,0.6,0.4,2,2.0,True,False,False,True,retain <=5 normal FPH; maximize recall; within .02 recall highest F1; precision final tie-break,,,,,,,
602ada44230e4c61f4f1,trackfeat132,screen,trimmed_mean,ema10,0.0,0.6,0.4,2,3,2.0,23,3,24,11,0,0.6216216216216216,0.4893617021276595,0.5476190476190476,1.831017435354915,-0.7095652173913042,0.6,0.4,2,2.0,True,False,False,True,retain <=5 normal FPH; maximize recall; within .02 recall highest F1; precision final tie-break,,,,,,,
bb67a4c966f02f389f25,trackfeat132,screen,trimmed_mean,trailing60,0.0,0.6,0.4,2,3,2.0,18,0,29,9,0,0.6666666666666666,0.3829787234042553,0.4864864864864864,0.0,-0.7333333333333334,0.6,0.4,2,2.0,True,False,True,False,retain <=5 normal FPH; maximize recall; within .02 recall highest F1; precision final tie-break,,,,,,,
81eca99a469595c3146b,trackfeat132,screen,top2_mean,none,0.0,0.6,0.4,2,3,2.0,28,43,19,22,0,0.3010752688172043,0.5957446808510638,0.4,26.244583240087117,-0.9128571428571428,0.6,0.4,2,2.0,False,False,False,True,retain <=5 normal FPH; maximize recall; within .02 recall highest F1; precision final tie-break,,,,,,,
7a032314bf0c498942bb,trackfeat132,screen,top2_mean,trailing3,0.0,0.6,0.4,2,3,2.0,27,41,20,22,0,0.3,0.574468085106383,0.3941605839416058,25.023904949850504,-0.7703703703703704,0.6,0.4,2,2.0,False,False,False,True,retain <=5 normal FPH; maximize recall; within .02 recall highest F1; precision final tie-break,,,,,,,
9e6eee6c8bf5cd8743c0,trackfeat132,screen,top2_mean,trailing5,0.0,0.6,0.4,2,3,2.0,27,36,20,18,0,0.3333333333333333,0.574468085106383,0.421875,21.97220922425898,-0.9125925925925928,0.6,0.4,2,2.0,False,False,False,True,retain <=5 normal FPH; maximize recall; within .02 recall highest F1; precision final tie-break,,,,,,,
6613bdc8e4a7976e7e80,trackfeat132,screen,top2_mean,trailing10,0.0,0.6,0.4,2,3,2.0,23,22,24,16,0,0.3770491803278688,0.4893617021276595,0.4259259259259259,13.427461192602708,-0.9182608695652176,0.6,0.4,2,2.0,False,False,False,True,retain <=5 normal FPH; maximize recall; within .02 recall highest F1; precision final tie-break,,,,,,,
cedec3f176ded466a055,trackfeat132,screen,top2_mean,ema5,0.0,0.6,0.4,2,3,2.0,24,32,23,21,0,0.3116883116883117,0.5106382978723404,0.3870967741935484,19.53085264378576,-0.7766666666666667,0.6,0.4,2,2.0,False,False,False,True,retain <=5 normal FPH; maximize recall; within .02 recall highest F1; precision final tie-break,,,,,,,
7745bd55d2d87ecf2780,trackfeat132,screen,top2_mean,ema10,0.0,0.6,0.4,2,3,2.0,23,27,24,16,0,0.3484848484848485,0.4893617021276595,0.4070796460176991,16.479156918194235,-0.7599999999999999,0.6,0.4,2,2.0,False,False,False,True,retain <=5 normal FPH; maximize recall; within .02 recall highest F1; precision final tie-break,,,,,,,
965313ba8168435a0546,trackfeat132,screen,top2_mean,trailing60,0.0,0.6,0.4,2,3,2.0,21,11,26,11,0,0.4883720930232558,0.4468085106382978,0.4666666666666666,6.713730596301354,-0.8704761904761907,0.6,0.4,2,2.0,False,False,False,True,retain <=5 normal FPH; maximize recall; within .02 recall highest F1; precision final tie-break,,,,,,,
aff8a836a8b37b420bd5,trackfeat132,screen,top3_mean,none,0.0,0.6,0.4,2,3,2.0,31,26,16,20,0,0.4025974025974026,0.6595744680851063,0.5,15.868817773075929,-0.976774193548387,0.6,0.4,2,2.0,False,False,True,False,retain <=5 normal FPH; maximize recall; within .02 recall highest F1; precision final tie-break,,,,,,,
c02f94efa2b3425518ca,trackfeat132,screen,top3_mean,trailing3,0.0,0.6,0.4,2,3,2.0,28,22,19,20,0,0.4,0.5957446808510638,0.4786324786324786,13.427461192602708,-0.7557142857142857,0.6,0.4,2,2.0,False,False,False,True,retain <=5 normal FPH; maximize recall; within .02 recall highest F1; precision final tie-break,,,,,,,
53a94fb8bee9bf768f16,trackfeat132,screen,top3_mean,trailing5,0.0,0.6,0.4,2,3,2.0,27,15,20,17,0,0.4576271186440678,0.574468085106383,0.509433962264151,9.155087176774574,-0.7940740740740743,0.6,0.4,2,2.0,False,False,False,True,retain <=5 normal FPH; maximize recall; within .02 recall highest F1; precision final tie-break,,,,,,,
e9567123245a206a16af,trackfeat132,screen,top3_mean,trailing10,0.0,0.6,0.4,2,3,2.0,23,14,24,14,0,0.4509803921568627,0.4893617021276595,0.4693877551020408,8.544748031656269,-0.7617391304347826,0.6,0.4,2,2.0,False,False,False,True,retain <=5 normal FPH; maximize recall; within .02 recall highest F1; precision final tie-break,,,,,,,
c4d159f1b4320b314408,trackfeat132,screen,top3_mean,ema5,0.0,0.6,0.4,2,3,2.0,25,16,22,19,0,0.4166666666666667,0.5319148936170213,0.4672897196261682,9.76542632189288,-0.7440000000000001,0.6,0.4,2,2.0,False,False,False,True,retain <=5 normal FPH; maximize recall; within .02 recall highest F1; precision final tie-break,,,,,,,
b759a2aa5b0001523d4d,trackfeat132,screen,top3_mean,ema10,0.0,0.6,0.4,2,3,2.0,23,16,24,15,0,0.4259259259259259,0.4893617021276595,0.4554455445544554,9.76542632189288,-0.7913043478260867,0.6,0.4,2,2.0,False,False,False,True,retain <=5 normal FPH; maximize recall; within .02 recall highest F1; precision final tie-break,,,,,,,
d927ac6d9e88ff147648,trackfeat132,screen,top3_mean,trailing60,0.0,0.6,0.4,2,3,2.0,19,9,28,12,0,0.475,0.4042553191489361,0.4367816091954023,5.493052306064745,-0.9115789473684212,0.6,0.4,2,2.0,False,False,False,True,retain <=5 normal FPH; maximize recall; within .02 recall highest F1; precision final tie-break,,,,,,,
34d1a8cd3d36d12f6dff,trackfeat132,screen,top5_mean,none,0.0,0.6,0.4,2,3,2.0,29,13,18,17,0,0.4915254237288136,0.6170212765957447,0.5471698113207546,7.934408886537964,-0.9420689655172414,0.6,0.4,2,2.0,False,False,False,True,retain <=5 normal FPH; maximize recall; within .02 recall highest F1; precision final tie-break,,,,,,,
1ec718f758be955f4b44,trackfeat132,screen,top5_mean,trailing3,0.0,0.6,0.4,2,3,2.0,28,13,19,17,0,0.4827586206896552,0.5957446808510638,0.5333333333333333,7.934408886537964,-0.82,0.6,0.4,2,2.0,False,False,False,True,retain <=5 normal FPH; maximize recall; within .02 recall highest F1; precision final tie-break,,,,,,,
d72c47993a19b4f2409c,trackfeat132,screen,top5_mean,trailing5,0.0,0.6,0.4,2,3,2.0,27,12,20,14,0,0.5094339622641509,0.574468085106383,0.54,7.32406974141966,-0.8311111111111111,0.6,0.4,2,2.0,False,False,False,True,retain <=5 normal FPH; maximize recall; within .02 recall highest F1; precision final tie-break,,,,,,,
676be90792faa2de7d5f,trackfeat132,screen,top5_mean,trailing10,0.0,0.6,0.4,2,3,2.0,22,10,25,12,0,0.5,0.4680851063829787,0.4835164835164835,6.103391451183049,-0.8618181818181818,0.6,0.4,2,2.0,False,False,False,True,retain <=5 normal FPH; maximize recall; within .02 recall highest F1; precision final tie-break,,,,,,,
51d6590ad404884010f6,trackfeat132,screen,top5_mean,ema5,0.0,0.6,0.4,2,3,2.0,24,12,23,17,0,0.4528301886792453,0.5106382978723404,0.48,7.32406974141966,-0.7266666666666667,0.6,0.4,2,2.0,False,False,False,True,retain <=5 normal FPH; maximize recall; within .02 recall highest F1; precision final tie-break,,,,,,,
eda3d3a0b924cfd006fd,trackfeat132,screen,top5_mean,ema10,0.0,0.6,0.4,2,3,2.0,22,13,25,13,0,0.4583333333333333,0.4680851063829787,0.4631578947368421,7.934408886537964,-0.7745454545454543,0.6,0.4,2,2.0,False,False,False,True,retain <=5 normal FPH; maximize recall; within .02 recall highest F1; precision final tie-break,,,,,,,
1defccaccadcc2ddabeb,trackfeat132,screen,top5_mean,trailing60,0.0,0.6,0.4,2,3,2.0,19,6,28,10,0,0.5428571428571428,0.4042553191489361,0.4634146341463414,3.66203487070983,-0.8189473684210526,0.6,0.4,2,2.0,True,False,False,True,retain <=5 normal FPH; maximize recall; within .02 recall highest F1; precision final tie-break,,,,,,,
808ba409267ba168e498,trackfeat132,detail,mean,none,0.0,0.3,0.05,2,3,2.0,25,24,22,23,1,0.3424657534246575,0.5319148936170213,0.4166666666666666,14.64813948283932,-0.9392,0.3,0.4,2,2.0,False,False,False,True,retain <=5 normal FPH; maximize recall; within .02 recall highest F1; precision final tie-break,,,,,,,
cd1e69a50c0c221f6f80,trackfeat132,detail,mean,none,0.0,0.3,0.1,2,3,2.0,25,24,22,23,1,0.3424657534246575,0.5319148936170213,0.4166666666666666,14.64813948283932,-0.9392,0.3,0.4,2,2.0,False,False,False,True,retain <=5 normal FPH; maximize recall; within .02 recall highest F1; precision final tie-break,,,,,,,
f40868a08428a6857a54,trackfeat132,detail,mean,none,0.0,0.3,0.15,2,3,2.0,25,24,22,24,1,0.3378378378378378,0.5319148936170213,0.4132231404958678,14.64813948283932,-0.9392,0.3,0.4,2,2.0,False,False,False,True,retain <=5 normal FPH; maximize recall; within .02 recall highest F1; precision final tie-break,,,,,,,
eaf80e0e314a0a3d85bb,trackfeat132,detail,mean,none,0.0,0.3,0.2,2,3,2.0,25,24,22,25,1,0.3333333333333333,0.5319148936170213,0.4098360655737705,14.64813948283932,-0.9392,0.3,0.4,2,2.0,False,False,False,True,retain <=5 normal FPH; maximize recall; within .02 recall highest F1; precision final tie-break,,,,,,,
b7542ab9b18e126a1f63,trackfeat132,detail,mean,none,0.0,0.3,0.25,2,3,2.0,25,26,22,25,1,0.3246753246753247,0.5319148936170213,0.4032258064516129,15.868817773075929,-0.9392,0.3,0.4,2,2.0,False,False,False,True,retain <=5 normal FPH; maximize recall; within .02 recall highest F1; precision final tie-break,,,,,,,
9095fb604d134476cc62,trackfeat132,detail,mean,none,0.0,0.35,0.05,2,3,2.0,25,18,22,23,1,0.373134328358209,0.5319148936170213,0.4385964912280702,10.98610461212949,-0.9072000000000002,0.35,0.4,2,2.0,False,False,False,True,retain <=5 normal FPH; maximize recall; within .02 recall highest F1; precision final tie-break,,,,,,,
586a603b37bf9d32cef5,trackfeat132,detail,mean,none,0.0,0.35,0.1,2,3,2.0,25,18,22,23,1,0.373134328358209,0.5319148936170213,0.4385964912280702,10.98610461212949,-0.9072000000000002,0.35,0.4,2,2.0,False,False,False,True,retain <=5 normal FPH; maximize recall; within .02 recall highest F1; precision final tie-break,,,,,,,
87a6f296943921fa08b5,trackfeat132,detail,mean,none,0.0,0.35,0.15,2,3,2.0,25,18,22,24,1,0.3676470588235294,0.5319148936170213,0.4347826086956522,10.98610461212949,-0.9072000000000002,0.35,0.4,2,2.0,False,False,False,True,retain <=5 normal FPH; maximize recall; within .02 recall highest F1; precision final tie-break,,,,,,,
15852d6aed93a4aa8442,trackfeat132,detail,mean,none,0.0,0.35,0.2,2,3,2.0,25,18,22,25,1,0.3623188405797101,0.5319148936170213,0.4310344827586206,10.98610461212949,-0.9072000000000002,0.35,0.4,2,2.0,False,False,False,True,retain <=5 normal FPH; maximize recall; within .02 recall highest F1; precision final tie-break,,,,,,,
dc32518c27465dfbfa22,trackfeat132,detail,mean,none,0.0,0.35,0.25,2,3,2.0,25,20,22,25,1,0.352112676056338,0.5319148936170213,0.423728813559322,12.2067829023661,-0.9072000000000002,0.35,0.4,2,2.0,False,False,False,True,retain <=5 normal FPH; maximize recall; within .02 recall highest F1; precision final tie-break,,,,,,,
105d0d0cc37e9768a222,trackfeat132,detail,mean,none,0.0,0.35,0.3,2,3,2.0,25,20,22,25,1,0.352112676056338,0.5319148936170213,0.423728813559322,12.2067829023661,-0.9072000000000002,0.35,0.4,2,2.0,False,False,False,True,retain <=5 normal FPH; maximize recall; within .02 recall highest F1; precision final tie-break,,,,,,,
809b1cb565c4f39731c9,trackfeat132,detail,mean,none,0.0,0.4,0.05,2,3,2.0,27,13,20,21,1,0.4354838709677419,0.574468085106383,0.4954128440366973,7.934408886537964,-0.906666666666667,0.4,0.4,2,2.0,False,False,False,True,retain <=5 normal FPH; maximize recall; within .02 recall highest F1; precision final tie-break,,,,,,,
5bc48fb063f8560e5485,trackfeat132,detail,mean,none,0.0,0.4,0.1,2,3,2.0,27,13,20,21,1,0.4354838709677419,0.574468085106383,0.4954128440366973,7.934408886537964,-0.906666666666667,0.4,0.4,2,2.0,False,False,False,True,retain <=5 normal FPH; maximize recall; within .02 recall highest F1; precision final tie-break,,,,,,,
df08af37396de6837c02,trackfeat132,detail,mean,none,0.0,0.4,0.15,2,3,2.0,27,13,20,21,1,0.4354838709677419,0.574468085106383,0.4954128440366973,7.934408886537964,-0.906666666666667,0.4,0.4,2,2.0,False,False,False,True,retain <=5 normal FPH; maximize recall; within .02 recall highest F1; precision final tie-break,,,,,,,
773f158fcad297682592,trackfeat132,detail,mean,none,0.0,0.4,0.2,2,3,2.0,27,13,20,22,1,0.4285714285714285,0.574468085106383,0.4909090909090909,7.934408886537964,-0.906666666666667,0.4,0.4,2,2.0,False,False,False,True,retain <=5 normal FPH; maximize recall; within .02 recall highest F1; precision final tie-break,,,,,,,
44b58f21b527c2ff68b8,trackfeat132,detail,mean,none,0.0,0.4,0.25,2,3,2.0,27,13,20,22,1,0.4285714285714285,0.574468085106383,0.4909090909090909,7.934408886537964,-0.906666666666667,0.4,0.4,2,2.0,False,False,False,True,retain <=5 normal FPH; maximize recall; within .02 recall highest F1; precision final tie-break,,,,,,,
11431ad319ce7c26e211,trackfeat132,detail,mean,none,0.0,0.4,0.3,2,3,2.0,27,13,20,22,1,0.4285714285714285,0.574468085106383,0.4909090909090909,7.934408886537964,-0.906666666666667,0.4,0.4,2,2.0,False,False,False,True,retain <=5 normal FPH; maximize recall; within .02 recall highest F1; precision final tie-break,,,,,,,
9e2acbd721815dc7b0c5,trackfeat132,detail,mean,none,0.0,0.4,0.35,2,3,2.0,27,13,20,22,1,0.4285714285714285,0.574468085106383,0.4909090909090909,7.934408886537964,-0.906666666666667,0.4,0.4,2,2.0,False,False,False,True,retain <=5 normal FPH; maximize recall; within .02 recall highest F1; precision final tie-break,,,,,,,
10feb175c7eeb4c520fb,trackfeat132,detail,mean,none,0.0,0.45,0.05,2,3,2.0,26,11,21,21,1,0.4406779661016949,0.5531914893617021,0.490566037735849,6.713730596301354,-0.8492307692307693,0.45,0.4,2,2.0,False,False,False,True,retain <=5 normal FPH; maximize recall; within .02 recall highest F1; precision final tie-break,,,,,,,
891b147d18dc68b499fc,trackfeat132,detail,mean,none,0.0,0.45,0.1,2,3,2.0,26,11,21,21,1,0.4406779661016949,0.5531914893617021,0.490566037735849,6.713730596301354,-0.8492307692307693,0.45,0.4,2,2.0,False,False,False,True,retain <=5 normal FPH; maximize recall; within .02 recall highest F1; precision final tie-break,,,,,,,
3e8fc4eb3308d3f3d68d,trackfeat132,detail,mean,none,0.0,0.45,0.15,2,3,2.0,26,11,21,21,1,0.4406779661016949,0.5531914893617021,0.490566037735849,6.713730596301354,-0.8492307692307693,0.45,0.4,2,2.0,False,False,False,True,retain <=5 normal FPH; maximize recall; within .02 recall highest F1; precision final tie-break,,,,,,,
cda61ffd95fa7d181cdf,trackfeat132,detail,mean,none,0.0,0.45,0.2,2,3,2.0,26,11,21,22,1,0.4333333333333333,0.5531914893617021,0.4859813084112149,6.713730596301354,-0.8492307692307693,0.45,0.4,2,2.0,False,False,False,True,retain <=5 normal FPH; maximize recall; within .02 recall highest F1; precision final tie-break,,,,,,,
b99b523f1b8dbb8ee01f,trackfeat132,detail,mean,none,0.0,0.45,0.25,2,3,2.0,26,11,21,22,1,0.4333333333333333,0.5531914893617021,0.4859813084112149,6.713730596301354,-0.8492307692307693,0.45,0.4,2,2.0,False,False,False,True,retain <=5 normal FPH; maximize recall; within .02 recall highest F1; precision final tie-break,,,,,,,
1540169559b83664df27,trackfeat132,detail,mean,none,0.0,0.45,0.3,2,3,2.0,26,11,21,22,1,0.4333333333333333,0.5531914893617021,0.4859813084112149,6.713730596301354,-0.8492307692307693,0.45,0.4,2,2.0,False,False,False,True,retain <=5 normal FPH; maximize recall; within .02 recall highest F1; precision final tie-break,,,,,,,
bc5fa3b1d43347cfce7a,trackfeat132,detail,mean,none,0.0,0.45,0.35,2,3,2.0,26,11,21,22,1,0.4333333333333333,0.5531914893617021,0.4859813084112149,6.713730596301354,-0.8492307692307693,0.45,0.4,2,2.0,False,False,False,True,retain <=5 normal FPH; maximize recall; within .02 recall highest F1; precision final tie-break,,,,,,,
5d33bcef39e46e5ef1c8,trackfeat132,detail,mean,none,0.0,0.45,0.4,2,3,2.0,27,11,20,22,1,0.4426229508196721,0.574468085106383,0.5,6.713730596301354,-0.8266666666666668,0.45,0.4,2,2.0,False,False,False,True,retain <=5 normal FPH; maximize recall; within .02 recall highest F1; precision final tie-break,,,,,,,
ad2ff80ab61cd9644428,trackfeat132,detail,mean,none,0.0,0.5,0.05,2,3,2.0,26,9,21,19,1,0.4727272727272727,0.5531914893617021,0.5098039215686275,5.493052306064745,-0.8861538461538463,0.5,0.4,2,2.0,False,False,False,True,retain <=5 normal FPH; maximize recall; within .02 recall highest F1; precision final tie-break,,,,,,,
5b52482be714163572ea,trackfeat132,detail,mean,none,0.0,0.5,0.1,2,3,2.0,26,9,21,19,1,0.4727272727272727,0.5531914893617021,0.5098039215686275,5.493052306064745,-0.8861538461538463,0.5,0.4,2,2.0,False,False,False,True,retain <=5 normal FPH; maximize recall; within .02 recall highest F1; precision final tie-break,,,,,,,
9e2efacc02224817b3cf,trackfeat132,detail,mean,none,0.0,0.5,0.15,2,3,2.0,26,9,21,19,1,0.4727272727272727,0.5531914893617021,0.5098039215686275,5.493052306064745,-0.8861538461538463,0.5,0.4,2,2.0,False,False,False,True,retain <=5 normal FPH; maximize recall; within .02 recall highest F1; precision final tie-break,,,,,,,
885c2c7ff385ad4c9336,trackfeat132,detail,mean,none,0.0,0.5,0.2,2,3,2.0,26,9,21,19,1,0.4727272727272727,0.5531914893617021,0.5098039215686275,5.493052306064745,-0.8861538461538463,0.5,0.4,2,2.0,False,False,False,True,retain <=5 normal FPH; maximize recall; within .02 recall highest F1; precision final tie-break,,,,,,,
73b7bf86f744251429f3,trackfeat132,detail,mean,none,0.0,0.5,0.25,2,3,2.0,26,9,21,19,1,0.4727272727272727,0.5531914893617021,0.5098039215686275,5.493052306064745,-0.8861538461538463,0.5,0.4,2,2.0,False,False,False,True,retain <=5 normal FPH; maximize recall; within .02 recall highest F1; precision final tie-break,,,,,,,
b6d0b6abc1a3f21c12e6,trackfeat132,detail,mean,none,0.0,0.5,0.3,2,3,2.0,26,9,21,19,1,0.4727272727272727,0.5531914893617021,0.5098039215686275,5.493052306064745,-0.8861538461538463,0.5,0.4,2,2.0,False,False,False,True,retain <=5 normal FPH; maximize recall; within .02 recall highest F1; precision final tie-break,,,,,,,
4d1f40c2e8aa4ba36f21,trackfeat132,detail,mean,none,0.0,0.5,0.35,2,3,2.0,26,9,21,19,1,0.4727272727272727,0.5531914893617021,0.5098039215686275,5.493052306064745,-0.8861538461538463,0.5,0.4,2,2.0,False,False,False,True,retain <=5 normal FPH; maximize recall; within .02 recall highest F1; precision final tie-break,,,,,,,
b4bbaafcad4a8dbef0c6,trackfeat132,detail,mean,none,0.0,0.5,0.4,2,3,2.0,27,9,20,19,1,0.4821428571428571,0.574468085106383,0.5242718446601942,5.493052306064745,-0.8622222222222224,0.5,0.4,2,2.0,False,False,False,True,retain <=5 normal FPH; maximize recall; within .02 recall highest F1; precision final tie-break,,,,,,,
fd03cdc82d72ebfc0661,trackfeat132,detail,mean,none,0.0,0.5,0.45,2,3,2.0,28,9,19,19,1,0.4912280701754385,0.5957446808510638,0.5384615384615384,5.493052306064745,-0.7942857142857145,0.5,0.4,2,2.0,False,False,False,True,retain <=5 normal FPH; maximize recall; within .02 recall highest F1; precision final tie-break,,,,,,,
8c65452c3f5c8ba5d40f,trackfeat132,detail,mean,none,0.0,0.55,0.05,2,3,2.0,26,6,21,18,0,0.52,0.5531914893617021,0.536082474226804,3.66203487070983,-0.9676923076923076,0.55,0.4,2,2.0,True,False,False,True,retain <=5 normal FPH; maximize recall; within .02 recall highest F1; precision final tie-break,,,,,,,
aa6bc28fd97d53961892,trackfeat132,detail,mean,none,0.0,0.55,0.1,2,3,2.0,26,6,21,18,0,0.52,0.5531914893617021,0.536082474226804,3.66203487070983,-0.9676923076923076,0.55,0.4,2,2.0,True,False,False,True,retain <=5 normal FPH; maximize recall; within .02 recall highest F1; precision final tie-break,,,,,,,
316e36a86aa306be9b32,trackfeat132,detail,mean,none,0.0,0.55,0.15,2,3,2.0,26,6,21,18,0,0.52,0.5531914893617021,0.536082474226804,3.66203487070983,-0.9676923076923076,0.55,0.4,2,2.0,True,False,False,True,retain <=5 normal FPH; maximize recall; within .02 recall highest F1; precision final tie-break,,,,,,,
8aab6841a9b883ba5708,trackfeat132,detail,mean,none,0.0,0.55,0.2,2,3,2.0,26,6,21,18,0,0.52,0.5531914893617021,0.536082474226804,3.66203487070983,-0.9676923076923076,0.55,0.4,2,2.0,True,False,False,True,retain <=5 normal FPH; maximize recall; within .02 recall highest F1; precision final tie-break,,,,,,,
6151d2a34686308fb802,trackfeat132,detail,mean,none,0.0,0.55,0.25,2,3,2.0,26,6,21,18,0,0.52,0.5531914893617021,0.536082474226804,3.66203487070983,-0.9676923076923076,0.55,0.4,2,2.0,True,False,False,True,retain <=5 normal FPH; maximize recall; within .02 recall highest F1; precision final tie-break,,,,,,,
52cf1a4ba7cf2dbd64fa,trackfeat132,detail,mean,none,0.0,0.55,0.3,2,3,2.0,26,6,21,18,0,0.52,0.5531914893617021,0.536082474226804,3.66203487070983,-0.9676923076923076,0.55,0.4,2,2.0,True,False,False,True,retain <=5 normal FPH; maximize recall; within .02 recall highest F1; precision final tie-break,,,,,,,
5b02a29efee209f2930e,trackfeat132,detail,mean,none,0.0,0.55,0.35,2,3,2.0,26,6,21,18,0,0.52,0.5531914893617021,0.536082474226804,3.66203487070983,-0.9676923076923076,0.55,0.4,2,2.0,True,False,False,True,retain <=5 normal FPH; maximize recall; within .02 recall highest F1; precision final tie-break,,,,,,,
723600f02a474856e825,trackfeat132,detail,mean,none,0.0,0.55,0.4,2,3,2.0,27,6,20,18,0,0.5294117647058824,0.574468085106383,0.5510204081632654,3.66203487070983,-0.9407407407407408,0.55,0.4,2,2.0,True,False,False,True,retain <=5 normal FPH; maximize recall; within .02 recall highest F1; precision final tie-break,,,,,,,
129efde0a825b6b9616d,trackfeat132,detail,mean,none,0.0,0.55,0.45,2,3,2.0,28,6,19,18,0,0.5384615384615384,0.5957446808510638,0.5656565656565657,3.66203487070983,-0.87,0.55,0.4,2,2.0,True,False,False,True,retain <=5 normal FPH; maximize recall; within .02 recall highest F1; precision final tie-break,,,,,,,
0d18729fc40919ef2a8a,trackfeat132,detail,mean,none,0.0,0.55,0.5,2,3,2.0,29,6,18,20,0,0.5272727272727272,0.6170212765957447,0.5686274509803921,3.66203487070983,-0.922758620689655,0.55,0.4,2,2.0,True,False,False,True,retain <=5 normal FPH; maximize recall; within .02 recall highest F1; precision final tie-break,,,,,,,
4b1d0bc3ccdb481a7777,trackfeat132,detail,mean,none,0.0,0.6,0.05,2,3,2.0,27,6,20,16,0,0.5510204081632653,0.574468085106383,0.5625,3.66203487070983,-0.9496296296296296,0.6,0.4,2,2.0,True,False,False,True,retain <=5 normal FPH; maximize recall; within .02 recall highest F1; precision final tie-break,,,,,,,
391fb3f1b941a1ccf12a,trackfeat132,detail,mean,none,0.0,0.6,0.1,2,3,2.0,27,6,20,16,0,0.5510204081632653,0.574468085106383,0.5625,3.66203487070983,-0.9496296296296296,0.6,0.4,2,2.0,True,False,False,True,retain <=5 normal FPH; maximize recall; within .02 recall highest F1; precision final tie-break,,,,,,,
997ce052ff645362acbb,trackfeat132,detail,mean,none,0.0,0.6,0.15,2,3,2.0,27,6,20,16,0,0.5510204081632653,0.574468085106383,0.5625,3.66203487070983,-0.9496296296296296,0.6,0.4,2,2.0,True,False,False,True,retain <=5 normal FPH; maximize recall; within .02 recall highest F1; precision final tie-break,,,,,,,
c17bfda413c30df06bad,trackfeat132,detail,mean,none,0.0,0.6,0.2,2,3,2.0,27,6,20,16,0,0.5510204081632653,0.574468085106383,0.5625,3.66203487070983,-0.9496296296296296,0.6,0.4,2,2.0,True,False,False,True,retain <=5 normal FPH; maximize recall; within .02 recall highest F1; precision final tie-break,,,,,,,
d312f2b1650d5e837a89,trackfeat132,detail,mean,none,0.0,0.6,0.25,2,3,2.0,27,6,20,16,0,0.5510204081632653,0.574468085106383,0.5625,3.66203487070983,-0.9496296296296296,0.6,0.4,2,2.0,True,False,False,True,retain <=5 normal FPH; maximize recall; within .02 recall highest F1; precision final tie-break,,,,,,,
bc7093ba28a9244d13cf,trackfeat132,detail,mean,none,0.0,0.6,0.3,2,3,2.0,27,6,20,16,0,0.5510204081632653,0.574468085106383,0.5625,3.66203487070983,-0.9496296296296296,0.6,0.4,2,2.0,True,False,False,True,retain <=5 normal FPH; maximize recall; within .02 recall highest F1; precision final tie-break,,,,,,,
f65a65eca778508001ea,trackfeat132,detail,mean,none,0.0,0.6,0.35,2,3,2.0,27,6,20,16,0,0.5510204081632653,0.574468085106383,0.5625,3.66203487070983,-0.9496296296296296,0.6,0.4,2,2.0,True,False,False,True,retain <=5 normal FPH; maximize recall; within .02 recall highest F1; precision final tie-break,,,,,,,
1fd2db996d0d0d357c08,trackfeat132,detail,mean,none,0.0,0.6,0.4,2,3,2.0,28,6,19,16,0,0.56,0.5957446808510638,0.577319587628866,3.66203487070983,-0.9242857142857142,0.6,0.4,2,2.0,True,False,False,True,retain <=5 normal FPH; maximize recall; within .02 recall highest F1; precision final tie-break,,,,,,,
f3b7ea423e54f1ccbe6f,trackfeat132,detail,mean,none,0.0,0.6,0.45,2,3,2.0,28,6,19,16,0,0.56,0.5957446808510638,0.577319587628866,3.66203487070983,-0.9242857142857142,0.6,0.4,2,2.0,True,False,False,True,retain <=5 normal FPH; maximize recall; within .02 recall highest F1; precision final tie-break,,,,,,,
84834fd7131a50ebbc67,trackfeat132,detail,mean,none,0.0,0.6,0.5,2,3,2.0,29,6,18,16,0,0.5686274509803921,0.6170212765957447,0.5918367346938775,3.66203487070983,-0.9751724137931032,0.6,0.4,2,2.0,True,False,False,True,retain <=5 normal FPH; maximize recall; within .02 recall highest F1; precision final tie-break,,,,,,,
cc2a5b65828016978522,trackfeat132,detail,mean,none,0.0,0.65,0.05,2,3,2.0,27,4,20,15,0,0.5869565217391305,0.574468085106383,0.5806451612903226,2.44135658047322,-0.8607407407407407,0.65,0.4,2,2.0,True,False,False,True,retain <=5 normal FPH; maximize recall; within .02 recall highest F1; precision final tie-break,,,,,,,
888326d7759a44092a77,trackfeat132,detail,mean,none,0.0,0.65,0.1,2,3,2.0,27,4,20,15,0,0.5869565217391305,0.574468085106383,0.5806451612903226,2.44135658047322,-0.8607407407407407,0.65,0.4,2,2.0,True,False,False,True,retain <=5 normal FPH; maximize recall; within .02 recall highest F1; precision final tie-break,,,,,,,
c0c4ef45f377dd9a13e0,trackfeat132,detail,mean,none,0.0,0.65,0.15,2,3,2.0,27,4,20,15,0,0.5869565217391305,0.574468085106383,0.5806451612903226,2.44135658047322,-0.8607407407407407,0.65,0.4,2,2.0,True,False,False,True,retain <=5 normal FPH; maximize recall; within .02 recall highest F1; precision final tie-break,,,,,,,
76a8d8f94e7919c5a9a8,trackfeat132,detail,mean,none,0.0,0.65,0.2,2,3,2.0,27,4,20,15,0,0.5869565217391305,0.574468085106383,0.5806451612903226,2.44135658047322,-0.8607407407407407,0.65,0.4,2,2.0,True,False,False,True,retain <=5 normal FPH; maximize recall; within .02 recall highest F1; precision final tie-break,,,,,,,
d8da281ad907dda2f77d,trackfeat132,detail,mean,none,0.0,0.65,0.25,2,3,2.0,27,4,20,15,0,0.5869565217391305,0.574468085106383,0.5806451612903226,2.44135658047322,-0.8607407407407407,0.65,0.4,2,2.0,True,False,False,True,retain <=5 normal FPH; maximize recall; within .02 recall highest F1; precision final tie-break,,,,,,,
254c68e1c5f0ce61e00e,trackfeat132,detail,mean,none,0.0,0.65,0.3,2,3,2.0,27,4,20,15,0,0.5869565217391305,0.574468085106383,0.5806451612903226,2.44135658047322,-0.8607407407407407,0.65,0.4,2,2.0,True,False,False,True,retain <=5 normal FPH; maximize recall; within .02 recall highest F1; precision final tie-break,,,,,,,
98249596820c1a1ddbab,trackfeat132,detail,mean,none,0.0,0.65,0.35,2,3,2.0,27,4,20,15,0,0.5869565217391305,0.574468085106383,0.5806451612903226,2.44135658047322,-0.8607407407407407,0.65,0.4,2,2.0,True,False,False,True,retain <=5 normal FPH; maximize recall; within .02 recall highest F1; precision final tie-break,,,,,,,
c037e1bd761e9f106f3b,trackfeat132,detail,mean,none,0.0,0.65,0.4,2,3,2.0,28,4,19,15,0,0.5957446808510638,0.5957446808510638,0.5957446808510638,2.44135658047322,-0.8385714285714286,0.65,0.4,2,2.0,True,False,False,True,retain <=5 normal FPH; maximize recall; within .02 recall highest F1; precision final tie-break,,,,,,,
630e4c26060b9242a81d,trackfeat132,detail,mean,none,0.0,0.65,0.45,2,3,2.0,28,4,19,15,0,0.5957446808510638,0.5957446808510638,0.5957446808510638,2.44135658047322,-0.8385714285714286,0.65,0.4,2,2.0,True,False,False,True,retain <=5 normal FPH; maximize recall; within .02 recall highest F1; precision final tie-break,,,,,,,
f55deaf859a5938c4f3c,trackfeat132,detail,mean,none,0.0,0.65,0.5,2,3,2.0,29,4,18,15,0,0.6041666666666666,0.6170212765957447,0.6105263157894737,2.44135658047322,-0.892413793103448,0.65,0.4,2,2.0,True,True,True,False,retain <=5 normal FPH; maximize recall; within .02 recall highest F1; precision final tie-break,25.0,8.0,21.0,0.5434782608695652,0.5102040816326531,0.5263157894736842,5.031
381badb22aad983ee0d5,trackfeat132,detail,mean,none,0.0,0.7,0.05,2,3,2.0,27,4,20,14,0,0.6,0.574468085106383,0.5869565217391305,2.44135658047322,-0.7614814814814814,0.7,0.4,2,2.0,True,False,False,True,retain <=5 normal FPH; maximize recall; within .02 recall highest F1; precision final tie-break,,,,,,,
2e9d4fdf86e737a859f8,trackfeat132,detail,mean,none,0.0,0.7,0.1,2,3,2.0,27,4,20,14,0,0.6,0.574468085106383,0.5869565217391305,2.44135658047322,-0.7614814814814814,0.7,0.4,2,2.0,True,False,False,True,retain <=5 normal FPH; maximize recall; within .02 recall highest F1; precision final tie-break,,,,,,,
6a35f13fe7e6e2194999,trackfeat132,detail,mean,none,0.0,0.7,0.15,2,3,2.0,27,4,20,14,0,0.6,0.574468085106383,0.5869565217391305,2.44135658047322,-0.7614814814814814,0.7,0.4,2,2.0,True,False,False,True,retain <=5 normal FPH; maximize recall; within .02 recall highest F1; precision final tie-break,,,,,,,
d47e26968cb87984e35f,trackfeat132,detail,mean,none,0.0,0.7,0.2,2,3,2.0,27,4,20,14,0,0.6,0.574468085106383,0.5869565217391305,2.44135658047322,-0.7614814814814814,0.7,0.4,2,2.0,True,False,False,True,retain <=5 normal FPH; maximize recall; within .02 recall highest F1; precision final tie-break,,,,,,,
bee350c8d72a718c3789,trackfeat132,detail,mean,none,0.0,0.7,0.25,2,3,2.0,27,4,20,14,0,0.6,0.574468085106383,0.5869565217391305,2.44135658047322,-0.7614814814814814,0.7,0.4,2,2.0,True,False,False,True,retain <=5 normal FPH; maximize recall; within .02 recall highest F1; precision final tie-break,,,,,,,
f0bc2b19a2716c7b7969,trackfeat132,detail,mean,none,0.0,0.7,0.3,2,3,2.0,27,4,20,14,0,0.6,0.574468085106383,0.5869565217391305,2.44135658047322,-0.7614814814814814,0.7,0.4,2,2.0,True,False,False,True,retain <=5 normal FPH; maximize recall; within .02 recall highest F1; precision final tie-break,,,,,,,
834ce628bc31eb2488ee,trackfeat132,detail,mean,none,0.0,0.7,0.35,2,3,2.0,27,4,20,14,0,0.6,0.574468085106383,0.5869565217391305,2.44135658047322,-0.7614814814814814,0.7,0.4,2,2.0,True,False,False,True,retain <=5 normal FPH; maximize recall; within .02 recall highest F1; precision final tie-break,,,,,,,
a1f160bc168fc2cc0042,trackfeat132,detail,mean,none,0.0,0.7,0.4,2,3,2.0,28,4,19,14,0,0.6086956521739131,0.5957446808510638,0.6021505376344086,2.44135658047322,-0.7428571428571428,0.7,0.4,2,2.0,True,False,False,True,retain <=5 normal FPH; maximize recall; within .02 recall highest F1; precision final tie-break,,,,,,,
e0b00da0c823c491003a,trackfeat132,detail,mean,none,0.0,0.7,0.45,2,3,2.0,28,4,19,14,0,0.6086956521739131,0.5957446808510638,0.6021505376344086,2.44135658047322,-0.7428571428571428,0.7,0.4,2,2.0,True,False,False,True,retain <=5 normal FPH; maximize recall; within .02 recall highest F1; precision final tie-break,,,,,,,
1cb2ec71397dbfa15302,trackfeat132,detail,mean,none,0.0,0.7,0.5,2,3,2.0,29,4,18,14,1,0.6041666666666666,0.6170212765957447,0.6105263157894737,2.44135658047322,-0.7999999999999997,0.7,0.4,2,2.0,True,False,True,False,retain <=5 normal FPH; maximize recall; within .02 recall highest F1; precision final tie-break,,,,,,,
2fc597c2295943e30b6f,trackfeat132,detail,mean,none,0.0,0.75,0.05,2,3,2.0,26,4,21,14,0,0.5909090909090909,0.5531914893617021,0.5714285714285714,2.44135658047322,-0.7107692307692308,0.75,0.4,2,2.0,True,False,False,True,retain <=5 normal FPH; maximize recall; within .02 recall highest F1; precision final tie-break,,,,,,,
cc9fe93f6d14f197a682,trackfeat132,detail,mean,none,0.0,0.75,0.1,2,3,2.0,26,4,21,14,0,0.5909090909090909,0.5531914893617021,0.5714285714285714,2.44135658047322,-0.7107692307692308,0.75,0.4,2,2.0,True,False,False,True,retain <=5 normal FPH; maximize recall; within .02 recall highest F1; precision final tie-break,,,,,,,
f6782feca77cfd23575f,trackfeat132,detail,mean,none,0.0,0.75,0.15,2,3,2.0,26,4,21,14,0,0.5909090909090909,0.5531914893617021,0.5714285714285714,2.44135658047322,-0.7107692307692308,0.75,0.4,2,2.0,True,False,False,True,retain <=5 normal FPH; maximize recall; within .02 recall highest F1; precision final tie-break,,,,,,,
08978734a4f23d02b7a6,trackfeat132,detail,mean,none,0.0,0.75,0.2,2,3,2.0,26,4,21,14,0,0.5909090909090909,0.5531914893617021,0.5714285714285714,2.44135658047322,-0.7107692307692308,0.75,0.4,2,2.0,True,False,False,True,retain <=5 normal FPH; maximize recall; within .02 recall highest F1; precision final tie-break,,,,,,,
f821962138be7cb8df1c,trackfeat132,detail,mean,none,0.0,0.75,0.25,2,3,2.0,26,4,21,14,0,0.5909090909090909,0.5531914893617021,0.5714285714285714,2.44135658047322,-0.7107692307692308,0.75,0.4,2,2.0,True,False,False,True,retain <=5 normal FPH; maximize recall; within .02 recall highest F1; precision final tie-break,,,,,,,
9c4cb03af0de0af7905e,trackfeat132,detail,mean,none,0.0,0.75,0.3,2,3,2.0,26,4,21,14,0,0.5909090909090909,0.5531914893617021,0.5714285714285714,2.44135658047322,-0.7107692307692308,0.75,0.4,2,2.0,True,False,False,True,retain <=5 normal FPH; maximize recall; within .02 recall highest F1; precision final tie-break,,,,,,,
69695ec355be3af21719,trackfeat132,detail,mean,none,0.0,0.75,0.35,2,3,2.0,26,4,21,14,0,0.5909090909090909,0.5531914893617021,0.5714285714285714,2.44135658047322,-0.7107692307692308,0.75,0.4,2,2.0,True,False,False,True,retain <=5 normal FPH; maximize recall; within .02 recall highest F1; precision final tie-break,,,,,,,
76feded930f1d8620362,trackfeat132,detail,mean,none,0.0,0.75,0.4,2,3,2.0,27,4,20,14,0,0.6,0.574468085106383,0.5869565217391305,2.44135658047322,-0.6933333333333332,0.75,0.4,2,2.0,True,False,False,True,retain <=5 normal FPH; maximize recall; within .02 recall highest F1; precision final tie-break,,,,,,,
aa9a371513bd3c7ede1d,trackfeat132,detail,mean,none,0.0,0.75,0.45,2,3,2.0,27,4,20,14,0,0.6,0.574468085106383,0.5869565217391305,2.44135658047322,-0.6933333333333332,0.75,0.4,2,2.0,True,False,False,True,retain <=5 normal FPH; maximize recall; within .02 recall highest F1; precision final tie-break,,,,,,,
c0fb2dbb02481cb30933,trackfeat132,detail,mean,none,0.0,0.75,0.5,2,3,2.0,28,4,19,14,1,0.5957446808510638,0.5957446808510638,0.5957446808510638,2.44135658047322,-0.6900000000000001,0.75,0.4,2,2.0,True,False,False,True,retain <=5 normal FPH; maximize recall; within .02 recall highest F1; precision final tie-break,,,,,,,
25f6e0da59f9717a053a,trackfeat132,detail,mean,none,0.0,0.8,0.05,2,3,2.0,23,3,24,13,0,0.5897435897435898,0.4893617021276595,0.5348837209302325,1.831017435354915,-0.6521739130434784,0.8,0.4,2,2.0,True,False,False,True,retain <=5 normal FPH; maximize recall; within .02 recall highest F1; precision final tie-break,,,,,,,
98a85f0bb863f6b1caf8,trackfeat132,detail,mean,none,0.0,0.8,0.1,2,3,2.0,23,3,24,13,0,0.5897435897435898,0.4893617021276595,0.5348837209302325,1.831017435354915,-0.6521739130434784,0.8,0.4,2,2.0,True,False,False,True,retain <=5 normal FPH; maximize recall; within .02 recall highest F1; precision final tie-break,,,,,,,
56d0c321ffbd1f1b7a67,trackfeat132,detail,mean,none,0.0,0.8,0.15,2,3,2.0,23,3,24,13,0,0.5897435897435898,0.4893617021276595,0.5348837209302325,1.831017435354915,-0.6521739130434784,0.8,0.4,2,2.0,True,False,False,True,retain <=5 normal FPH; maximize recall; within .02 recall highest F1; precision final tie-break,,,,,,,
23bf4a30c7d8bb8adbde,trackfeat132,detail,mean,none,0.0,0.8,0.2,2,3,2.0,23,3,24,13,0,0.5897435897435898,0.4893617021276595,0.5348837209302325,1.831017435354915,-0.6521739130434784,0.8,0.4,2,2.0,True,False,False,True,retain <=5 normal FPH; maximize recall; within .02 recall highest F1; precision final tie-break,,,,,,,
76c4f8f80af0e07bb81b,trackfeat132,detail,mean,none,0.0,0.8,0.25,2,3,2.0,23,3,24,13,0,0.5897435897435898,0.4893617021276595,0.5348837209302325,1.831017435354915,-0.6521739130434784,0.8,0.4,2,2.0,True,False,False,True,retain <=5 normal FPH; maximize recall; within .02 recall highest F1; precision final tie-break,,,,,,,
967e8c7abe7ae785d8cf,trackfeat132,detail,mean,none,0.0,0.8,0.3,2,3,2.0,23,3,24,13,0,0.5897435897435898,0.4893617021276595,0.5348837209302325,1.831017435354915,-0.6521739130434784,0.8,0.4,2,2.0,True,False,False,True,retain <=5 normal FPH; maximize recall; within .02 recall highest F1; precision final tie-break,,,,,,,
ed8e96f4dbc2237ba6b4,trackfeat132,detail,mean,none,0.0,0.8,0.35,2,3,2.0,23,3,24,13,0,0.5897435897435898,0.4893617021276595,0.5348837209302325,1.831017435354915,-0.6521739130434784,0.8,0.4,2,2.0,True,False,False,True,retain <=5 normal FPH; maximize recall; within .02 recall highest F1; precision final tie-break,,,,,,,
ab2c06697b525ead9e50,trackfeat132,detail,mean,none,0.0,0.8,0.4,2,3,2.0,24,3,23,13,0,0.6,0.5106382978723404,0.5517241379310344,1.831017435354915,-0.635,0.8,0.4,2,2.0,True,False,False,True,retain <=5 normal FPH; maximize recall; within .02 recall highest F1; precision final tie-break,,,,,,,
ba7fa622a9b9a5774cc5,trackfeat132,detail,mean,none,0.0,0.8,0.45,2,3,2.0,24,3,23,13,0,0.6,0.5106382978723404,0.5517241379310344,1.831017435354915,-0.635,0.8,0.4,2,2.0,True,False,False,True,retain <=5 normal FPH; maximize recall; within .02 recall highest F1; precision final tie-break,,,,,,,
e7b25710351e6124736f,trackfeat132,detail,mean,none,0.0,0.8,0.5,2,3,2.0,25,3,22,13,0,0.6097560975609756,0.5319148936170213,0.5681818181818181,1.831017435354915,-0.6336,0.8,0.4,2,2.0,True,False,True,False,retain <=5 normal FPH; maximize recall; within .02 recall highest F1; precision final tie-break,,,,,,,
ab078991dd2ebe74cc7b,trackfeat132,detail,mean,none,0.0,0.85,0.05,2,3,2.0,22,3,25,11,0,0.6111111111111112,0.4680851063829787,0.5301204819277109,1.831017435354915,-0.6054545454545454,0.85,0.4,2,2.0,True,False,False,True,retain <=5 normal FPH; maximize recall; within .02 recall highest F1; precision final tie-break,,,,,,,
57373bb8c9b65e1ded01,trackfeat132,detail,mean,none,0.0,0.85,0.1,2,3,2.0,22,3,25,11,0,0.6111111111111112,0.4680851063829787,0.5301204819277109,1.831017435354915,-0.6054545454545454,0.85,0.4,2,2.0,True,False,False,True,retain <=5 normal FPH; maximize recall; within .02 recall highest F1; precision final tie-break,,,,,,,
b1d6821754db78d0c99b,trackfeat132,detail,mean,none,0.0,0.85,0.15,2,3,2.0,22,3,25,11,0,0.6111111111111112,0.4680851063829787,0.5301204819277109,1.831017435354915,-0.6054545454545454,0.85,0.4,2,2.0,True,False,False,True,retain <=5 normal FPH; maximize recall; within .02 recall highest F1; precision final tie-break,,,,,,,
d03293a9ad2433c685f2,trackfeat132,detail,mean,none,0.0,0.85,0.2,2,3,2.0,22,3,25,11,0,0.6111111111111112,0.4680851063829787,0.5301204819277109,1.831017435354915,-0.6054545454545454,0.85,0.4,2,2.0,True,False,False,True,retain <=5 normal FPH; maximize recall; within .02 recall highest F1; precision final tie-break,,,,,,,
5846fd555e2efd392574,trackfeat132,detail,mean,none,0.0,0.85,0.25,2,3,2.0,22,3,25,11,0,0.6111111111111112,0.4680851063829787,0.5301204819277109,1.831017435354915,-0.6054545454545454,0.85,0.4,2,2.0,True,False,False,True,retain <=5 normal FPH; maximize recall; within .02 recall highest F1; precision final tie-break,,,,,,,
7f1706ee18347d6a2305,trackfeat132,detail,mean,none,0.0,0.85,0.3,2,3,2.0,22,3,25,11,0,0.6111111111111112,0.4680851063829787,0.5301204819277109,1.831017435354915,-0.6054545454545454,0.85,0.4,2,2.0,True,False,False,True,retain <=5 normal FPH; maximize recall; within .02 recall highest F1; precision final tie-break,,,,,,,
f5abb4dacd033989e7ae,trackfeat132,detail,mean,none,0.0,0.85,0.35,2,3,2.0,22,3,25,11,0,0.6111111111111112,0.4680851063829787,0.5301204819277109,1.831017435354915,-0.6054545454545454,0.85,0.4,2,2.0,True,False,False,True,retain <=5 normal FPH; maximize recall; within .02 recall highest F1; precision final tie-break,,,,,,,
088aee1b77c862d25b7f,trackfeat132,detail,mean,none,0.0,0.85,0.4,2,3,2.0,23,3,24,11,0,0.6216216216216216,0.4893617021276595,0.5476190476190476,1.831017435354915,-0.5895652173913043,0.85,0.4,2,2.0,True,False,False,True,retain <=5 normal FPH; maximize recall; within .02 recall highest F1; precision final tie-break,,,,,,,
c601bdb888e172be7068,trackfeat132,detail,mean,none,0.0,0.85,0.45,2,3,2.0,23,3,24,11,0,0.6216216216216216,0.4893617021276595,0.5476190476190476,1.831017435354915,-0.5895652173913043,0.85,0.4,2,2.0,True,False,False,True,retain <=5 normal FPH; maximize recall; within .02 recall highest F1; precision final tie-break,,,,,,,
72d794c2ff3cc38b1635,trackfeat132,detail,mean,none,0.0,0.85,0.5,2,3,2.0,23,3,24,11,0,0.6216216216216216,0.4893617021276595,0.5476190476190476,1.831017435354915,-0.5895652173913043,0.85,0.4,2,2.0,True,False,False,True,retain <=5 normal FPH; maximize recall; within .02 recall highest F1; precision final tie-break,,,,,,,
71f8818832718ced9d03,trackfeat132,detail,mean,none,0.0,0.9,0.05,2,3,2.0,17,1,30,8,0,0.6538461538461539,0.3617021276595745,0.4657534246575342,0.610339145118305,-0.3552941176470586,0.9,0.4,2,2.0,True,False,False,True,retain <=5 normal FPH; maximize recall; within .02 recall highest F1; precision final tie-break,,,,,,,
5d7a22af898858f2b42b,trackfeat132,detail,mean,none,0.0,0.9,0.1,2,3,2.0,17,1,30,8,0,0.6538461538461539,0.3617021276595745,0.4657534246575342,0.610339145118305,-0.3552941176470586,0.9,0.4,2,2.0,True,False,False,True,retain <=5 normal FPH; maximize recall; within .02 recall highest F1; precision final tie-break,,,,,,,
b8ea030ecebe9d644855,trackfeat132,detail,mean,none,0.0,0.9,0.15,2,3,2.0,17,1,30,8,0,0.6538461538461539,0.3617021276595745,0.4657534246575342,0.610339145118305,-0.3552941176470586,0.9,0.4,2,2.0,True,False,False,True,retain <=5 normal FPH; maximize recall; within .02 recall highest F1; precision final tie-break,,,,,,,
3762cc6f06bcccc9a208,trackfeat132,detail,mean,none,0.0,0.9,0.2,2,3,2.0,17,1,30,8,0,0.6538461538461539,0.3617021276595745,0.4657534246575342,0.610339145118305,-0.3552941176470586,0.9,0.4,2,2.0,True,False,False,True,retain <=5 normal FPH; maximize recall; within .02 recall highest F1; precision final tie-break,,,,,,,
70f4ec3dff58ad8ef5a5,trackfeat132,detail,mean,none,0.0,0.9,0.25,2,3,2.0,17,1,30,8,0,0.6538461538461539,0.3617021276595745,0.4657534246575342,0.610339145118305,-0.3552941176470586,0.9,0.4,2,2.0,True,False,False,True,retain <=5 normal FPH; maximize recall; within .02 recall highest F1; precision final tie-break,,,,,,,
1a4703b413250266a2d4,trackfeat132,detail,mean,none,0.0,0.9,0.3,2,3,2.0,17,1,30,8,0,0.6538461538461539,0.3617021276595745,0.4657534246575342,0.610339145118305,-0.3552941176470586,0.9,0.4,2,2.0,True,False,False,True,retain <=5 normal FPH; maximize recall; within .02 recall highest F1; precision final tie-break,,,,,,,
b4475f384b37db88de1d,trackfeat132,detail,mean,none,0.0,0.9,0.35,2,3,2.0,17,1,30,8,0,0.6538461538461539,0.3617021276595745,0.4657534246575342,0.610339145118305,-0.3552941176470586,0.9,0.4,2,2.0,True,False,False,True,retain <=5 normal FPH; maximize recall; within .02 recall highest F1; precision final tie-break,,,,,,,
18e8b20f2ae65762ff1e,trackfeat132,detail,mean,none,0.0,0.9,0.4,2,3,2.0,17,1,30,8,0,0.6538461538461539,0.3617021276595745,0.4657534246575342,0.610339145118305,-0.3552941176470586,0.9,0.4,2,2.0,True,False,False,True,retain <=5 normal FPH; maximize recall; within .02 recall highest F1; precision final tie-break,,,,,,,
ea9585943e46977cf38b,trackfeat132,detail,mean,none,0.0,0.9,0.45,2,3,2.0,17,1,30,8,0,0.6538461538461539,0.3617021276595745,0.4657534246575342,0.610339145118305,-0.3552941176470586,0.9,0.4,2,2.0,True,False,False,True,retain <=5 normal FPH; maximize recall; within .02 recall highest F1; precision final tie-break,,,,,,,
4b13a39cf4dffa3bba24,trackfeat132,detail,mean,none,0.0,0.9,0.5,2,3,2.0,17,1,30,8,0,0.6538461538461539,0.3617021276595745,0.4657534246575342,0.610339145118305,-0.3552941176470586,0.9,0.4,2,2.0,True,False,False,True,retain <=5 normal FPH; maximize recall; within .02 recall highest F1; precision final tie-break,,,,,,,
f5f520685b94c22196dd,trackfeat132,detail,mean,none,0.0,0.95,0.05,2,3,2.0,7,1,40,9,0,0.4117647058823529,0.1489361702127659,0.21875,0.610339145118305,-0.1371428571428572,0.95,0.4,2,2.0,True,False,False,True,retain <=5 normal FPH; maximize recall; within .02 recall highest F1; precision final tie-break,,,,,,,
ffa87613bf1686ada780,trackfeat132,detail,mean,none,0.0,0.95,0.1,2,3,2.0,7,1,40,9,0,0.4117647058823529,0.1489361702127659,0.21875,0.610339145118305,-0.1371428571428572,0.95,0.4,2,2.0,True,False,False,True,retain <=5 normal FPH; maximize recall; within .02 recall highest F1; precision final tie-break,,,,,,,
a8a233e1df457dee52fb,trackfeat132,detail,mean,none,0.0,0.95,0.15,2,3,2.0,7,1,40,9,0,0.4117647058823529,0.1489361702127659,0.21875,0.610339145118305,-0.1371428571428572,0.95,0.4,2,2.0,True,False,False,True,retain <=5 normal FPH; maximize recall; within .02 recall highest F1; precision final tie-break,,,,,,,
1cf2ec5327e059cb0462,trackfeat132,detail,mean,none,0.0,0.95,0.2,2,3,2.0,7,1,40,9,0,0.4117647058823529,0.1489361702127659,0.21875,0.610339145118305,-0.1371428571428572,0.95,0.4,2,2.0,True,False,False,True,retain <=5 normal FPH; maximize recall; within .02 recall highest F1; precision final tie-break,,,,,,,
b91a6de0e49aba3ba1fa,trackfeat132,detail,mean,none,0.0,0.95,0.25,2,3,2.0,7,1,40,9,0,0.4117647058823529,0.1489361702127659,0.21875,0.610339145118305,-0.1371428571428572,0.95,0.4,2,2.0,True,False,False,True,retain <=5 normal FPH; maximize recall; within .02 recall highest F1; precision final tie-break,,,,,,,
26e67d6b58159c3edd83,trackfeat132,detail,mean,none,0.0,0.95,0.3,2,3,2.0,7,1,40,9,0,0.4117647058823529,0.1489361702127659,0.21875,0.610339145118305,-0.1371428571428572,0.95,0.4,2,2.0,True,False,False,True,retain <=5 normal FPH; maximize recall; within .02 recall highest F1; precision final tie-break,,,,,,,
00df27ef9480139086d0,trackfeat132,detail,mean,none,0.0,0.95,0.35,2,3,2.0,7,1,40,9,0,0.4117647058823529,0.1489361702127659,0.21875,0.610339145118305,-0.1371428571428572,0.95,0.4,2,2.0,True,False,False,True,retain <=5 normal FPH; maximize recall; within .02 recall highest F1; precision final tie-break,,,,,,,
1a8148749a8250db6ac3,trackfeat132,detail,mean,none,0.0,0.95,0.4,2,3,2.0,7,1,40,9,0,0.4117647058823529,0.1489361702127659,0.21875,0.610339145118305,-0.1371428571428572,0.95,0.4,2,2.0,True,False,False,True,retain <=5 normal FPH; maximize recall; within .02 recall highest F1; precision final tie-break,,,,,,,
3fda9838af9aa5270208,trackfeat132,detail,mean,none,0.0,0.95,0.45,2,3,2.0,7,1,40,9,0,0.4117647058823529,0.1489361702127659,0.21875,0.610339145118305,-0.1371428571428572,0.95,0.4,2,2.0,True,False,False,True,retain <=5 normal FPH; maximize recall; within .02 recall highest F1; precision final tie-break,,,,,,,
20e55f8525279e2c28fc,trackfeat132,detail,mean,none,0.0,0.95,0.5,2,3,2.0,7,1,40,9,0,0.4117647058823529,0.1489361702127659,0.21875,0.610339145118305,-0.1371428571428572,0.95,0.4,2,2.0,True,False,False,True,retain <=5 normal FPH; maximize recall; within .02 recall highest F1; precision final tie-break,,,,,,,
7382d65f688b23f2a764,trackfeat132,detail,mean,none,0.0,0.99,0.05,2,3,2.0,3,1,44,2,0,0.5,0.0638297872340425,0.1132075471698113,0.610339145118305,0.0266666666666665,0.99,0.4,2,2.0,True,False,False,True,retain <=5 normal FPH; maximize recall; within .02 recall highest F1; precision final tie-break,,,,,,,
edd263b7ec6d954153ab,trackfeat132,detail,mean,none,0.0,0.99,0.1,2,3,2.0,3,1,44,2,0,0.5,0.0638297872340425,0.1132075471698113,0.610339145118305,0.0266666666666665,0.99,0.4,2,2.0,True,False,False,True,retain <=5 normal FPH; maximize recall; within .02 recall highest F1; precision final tie-break,,,,,,,
64ee9ac3e0857f2d4277,trackfeat132,detail,mean,none,0.0,0.99,0.15,2,3,2.0,3,1,44,2,0,0.5,0.0638297872340425,0.1132075471698113,0.610339145118305,0.0266666666666665,0.99,0.4,2,2.0,True,False,False,True,retain <=5 normal FPH; maximize recall; within .02 recall highest F1; precision final tie-break,,,,,,,
2cb8163eb9935b649b25,trackfeat132,detail,mean,none,0.0,0.99,0.2,2,3,2.0,3,1,44,2,0,0.5,0.0638297872340425,0.1132075471698113,0.610339145118305,0.0266666666666665,0.99,0.4,2,2.0,True,False,False,True,retain <=5 normal FPH; maximize recall; within .02 recall highest F1; precision final tie-break,,,,,,,
bd2f11ef2ab716e3ad67,trackfeat132,detail,mean,none,0.0,0.99,0.25,2,3,2.0,3,1,44,2,0,0.5,0.0638297872340425,0.1132075471698113,0.610339145118305,0.0266666666666665,0.99,0.4,2,2.0,True,False,False,True,retain <=5 normal FPH; maximize recall; within .02 recall highest F1; precision final tie-break,,,,,,,
fe0fcc218bff2cd7531b,trackfeat132,detail,mean,none,0.0,0.99,0.3,2,3,2.0,3,1,44,2,0,0.5,0.0638297872340425,0.1132075471698113,0.610339145118305,0.0266666666666665,0.99,0.4,2,2.0,True,False,False,True,retain <=5 normal FPH; maximize recall; within .02 recall highest F1; precision final tie-break,,,,,,,
3202d085296d7b461b83,trackfeat132,detail,mean,none,0.0,0.99,0.35,2,3,2.0,3,1,44,2,0,0.5,0.0638297872340425,0.1132075471698113,0.610339145118305,0.0266666666666665,0.99,0.4,2,2.0,True,False,False,True,retain <=5 normal FPH; maximize recall; within .02 recall highest F1; precision final tie-break,,,,,,,
32502c4b2ea4c5b7dc7b,trackfeat132,detail,mean,none,0.0,0.99,0.4,2,3,2.0,3,1,44,2,0,0.5,0.0638297872340425,0.1132075471698113,0.610339145118305,0.0266666666666665,0.99,0.4,2,2.0,True,False,False,True,retain <=5 normal FPH; maximize recall; within .02 recall highest F1; precision final tie-break,,,,,,,
caed6128c55cbf07e396,trackfeat132,detail,mean,none,0.0,0.99,0.45,2,3,2.0,3,1,44,2,0,0.5,0.0638297872340425,0.1132075471698113,0.610339145118305,0.0266666666666665,0.99,0.4,2,2.0,True,False,False,True,retain <=5 normal FPH; maximize recall; within .02 recall highest F1; precision final tie-break,,,,,,,
7ddf980aefb22ccddfac,trackfeat132,detail,mean,none,0.0,0.99,0.5,2,3,2.0,3,1,44,2,0,0.5,0.0638297872340425,0.1132075471698113,0.610339145118305,0.0266666666666665,0.99,0.4,2,2.0,True,False,False,True,retain <=5 normal FPH; maximize recall; within .02 recall highest F1; precision final tie-break,,,,,,,
5a321f345b0c08562e98,trackfeat132,reliability_sensitivity,mean,none,0.3,0.65,0.5,2,3,2.0,28,4,19,15,0,0.5957446808510638,0.5957446808510638,0.5957446808510638,2.44135658047322,-0.7685714285714286,0.65,0.4,2,2.0,True,False,False,True,retain <=5 normal FPH; maximize recall; within .02 recall highest F1; precision final tie-break,,,,,,,
03b8e59d917656ee8085,causal14_clean,screen,maximum,none,0.0,0.6,0.4,2,3,2.0,27,315,20,23,1,0.0737704918032786,0.574468085106383,0.1307506053268765,192.2568307122661,-0.6429629629629631,0.6,0.4,2,2.0,False,False,False,True,retain <=5 normal FPH; maximize recall; within .02 recall highest F1; precision final tie-break,,,,,,,
ef206beeb58d7232d0b5,causal14_clean,screen,maximum,trailing3,0.0,0.6,0.4,2,3,2.0,24,287,23,23,1,0.0716417910447761,0.5106382978723404,0.1256544502617801,175.16733464895353,-0.6416666666666667,0.6,0.4,2,2.0,False,False,False,True,retain <=5 normal FPH; maximize recall; within .02 recall highest F1; precision final tie-break,,,,,,,
43cfbc29592c3074459c,causal14_clean,screen,maximum,trailing5,0.0,0.6,0.4,2,3,2.0,25,261,22,19,0,0.081967213114754,0.5319148936170213,0.1420454545454545,159.2985168758776,-0.784,0.6,0.4,2,2.0,False,False,False,True,retain <=5 normal FPH; maximize recall; within .02 recall highest F1; precision final tie-break,,,,,,,
41ee5e237e950753feda,causal14_clean,screen,maximum,trailing10,0.0,0.6,0.4,2,3,2.0,22,206,25,19,0,0.0890688259109311,0.4680851063829787,0.1496598639455782,125.72986389437082,-0.9545454545454546,0.6,0.4,2,2.0,False,False,False,True,retain <=5 normal FPH; maximize recall; within .02 recall highest F1; precision final tie-break,,,,,,,
49d906a2339612bccb61,causal14_clean,screen,maximum,ema5,0.0,0.6,0.4,2,3,2.0,24,239,23,20,0,0.0848056537102473,0.5106382978723404,0.1454545454545454,145.87105568327488,-0.6766666666666666,0.6,0.4,2,2.0,False,False,False,True,retain <=5 normal FPH; maximize recall; within .02 recall highest F1; precision final tie-break,,,,,,,
555277ae65b1272742ba,causal14_clean,screen,maximum,ema10,0.0,0.6,0.4,2,3,2.0,20,200,27,20,0,0.0833333333333333,0.425531914893617,0.1393728222996515,122.067829023661,-0.7419999999999998,0.6,0.4,2,2.0,False,False,False,True,retain <=5 normal FPH; maximize recall; within .02 recall highest F1; precision final tie-break,,,,,,,
766856bba82cdf29842a,causal14_clean,screen,maximum,trailing60,0.0,0.6,0.4,2,3,2.0,17,136,30,16,0,0.1005917159763313,0.3617021276595745,0.1574074074074073,83.00612373608948,-1.2870588235294118,0.6,0.4,2,2.0,False,False,False,True,retain <=5 normal FPH; maximize recall; within .02 recall highest F1; precision final tie-break,,,,,,,
ef20fadfb86a124d7da4,causal14_clean,screen,mean,none,0.0,0.6,0.4,2,3,2.0,27,19,20,16,1,0.4285714285714285,0.574468085106383,0.4909090909090909,11.596443757247794,-0.5051851851851852,0.6,0.4,2,2.0,False,False,False,True,retain <=5 normal FPH; maximize recall; within .02 recall highest F1; precision final tie-break,,,,,,,
386cb875dd245b14ba7c,causal14_clean,screen,mean,trailing3,0.0,0.6,0.4,2,3,2.0,25,17,22,16,1,0.423728813559322,0.5319148936170213,0.4716981132075472,10.375765467011185,-0.4256,0.6,0.4,2,2.0,False,False,False,True,retain <=5 normal FPH; maximize recall; within .02 recall highest F1; precision final tie-break,,,,,,,
3a75c3145e343e3e227d,causal14_clean,screen,mean,trailing5,0.0,0.6,0.4,2,3,2.0,24,15,23,13,0,0.4615384615384615,0.5106382978723404,0.4848484848484848,9.155087176774574,-0.4416666666666666,0.6,0.4,2,2.0,False,False,True,False,retain <=5 normal FPH; maximize recall; within .02 recall highest F1; precision final tie-break,,,,,,,
88811914d74d2d3b42a4,causal14_clean,screen,mean,trailing10,0.0,0.6,0.4,2,3,2.0,20,11,27,14,0,0.4444444444444444,0.425531914893617,0.4347826086956522,6.713730596301354,-0.352,0.6,0.4,2,2.0,False,False,False,True,retain <=5 normal FPH; maximize recall; within .02 recall highest F1; precision final tie-break,,,,,,,
47b93e8e749327ec4375,causal14_clean,screen,mean,ema5,0.0,0.6,0.4,2,3,2.0,23,14,24,15,0,0.4423076923076923,0.4893617021276595,0.4646464646464646,8.544748031656269,-0.3060869565217391,0.6,0.4,2,2.0,False,False,True,False,retain <=5 normal FPH; maximize recall; within .02 recall highest F1; precision final tie-break,,,,,,,
f2933fce4a36109694f0,causal14_clean,screen,mean,ema10,0.0,0.6,0.4,2,3,2.0,19,10,28,14,0,0.4418604651162791,0.4042553191489361,0.4222222222222222,6.103391451183049,-0.1789473684210526,0.6,0.4,2,2.0,False,False,False,True,retain <=5 normal FPH; maximize recall; within .02 recall highest F1; precision final tie-break,,,,,,,
79bba02a3ce728f61a27,causal14_clean,screen,mean,trailing60,0.0,0.6,0.4,2,3,2.0,13,6,34,9,0,0.4642857142857143,0.2765957446808511,0.3466666666666667,3.66203487070983,-0.6338461538461537,0.6,0.4,2,2.0,True,False,False,True,retain <=5 normal FPH; maximize recall; within .02 recall highest F1; precision final tie-break,,,,,,,
b23a5a7f2d64d2b031b8,causal14_clean,screen,trimmed_mean,none,0.0,0.6,0.4,2,3,2.0,28,19,19,16,1,0.4375,0.5957446808510638,0.5045045045045045,11.596443757247794,-0.5214285714285715,0.6,0.4,2,2.0,False,False,True,False,retain <=5 normal FPH; maximize recall; within .02 recall highest F1; precision final tie-break,,,,,,,
87b0f9715da50d73fd54,causal14_clean,screen,trimmed_mean,trailing3,0.0,0.6,0.4,2,3,2.0,25,17,22,16,1,0.423728813559322,0.5319148936170213,0.4716981132075472,10.375765467011185,-0.4336,0.6,0.4,2,2.0,False,False,False,True,retain <=5 normal FPH; maximize recall; within .02 recall highest F1; precision final tie-break,,,,,,,
6ca9da9c20cc6daead4e,causal14_clean,screen,trimmed_mean,trailing5,0.0,0.6,0.4,2,3,2.0,25,17,22,14,0,0.4464285714285714,0.5319148936170213,0.4854368932038835,10.375765467011185,-0.4704,0.6,0.4,2,2.0,False,False,True,False,retain <=5 normal FPH; maximize recall; within .02 recall highest F1; precision final tie-break,,,,,,,
b5c66384fbb4c9a1761b,causal14_clean,screen,trimmed_mean,trailing10,0.0,0.6,0.4,2,3,2.0,20,12,27,14,0,0.4347826086956521,0.425531914893617,0.4301075268817204,7.32406974141966,-0.422,0.6,0.4,2,2.0,False,False,False,True,retain <=5 normal FPH; maximize recall; within .02 recall highest F1; precision final tie-break,,,,,,,
4d6fda89d1fdf8d5f6cc,causal14_clean,screen,trimmed_mean,ema5,0.0,0.6,0.4,2,3,2.0,23,15,24,15,0,0.4339622641509434,0.4893617021276595,0.4599999999999999,9.155087176774574,-0.3843478260869564,0.6,0.4,2,2.0,False,False,False,True,retain <=5 normal FPH; maximize recall; within .02 recall highest F1; precision final tie-break,,,,,,,
111bf398127e8a18968e,causal14_clean,screen,trimmed_mean,ema10,0.0,0.6,0.4,2,3,2.0,19,10,28,14,0,0.4418604651162791,0.4042553191489361,0.4222222222222222,6.103391451183049,-0.2736842105263158,0.6,0.4,2,2.0,False,False,False,True,retain <=5 normal FPH; maximize recall; within .02 recall highest F1; precision final tie-break,,,,,,,
f0f8c3fb10ed118a37ac,causal14_clean,screen,trimmed_mean,trailing60,0.0,0.6,0.4,2,3,2.0,14,6,33,10,0,0.4666666666666667,0.2978723404255319,0.3636363636363636,3.66203487070983,-0.6028571428571429,0.6,0.4,2,2.0,True,False,True,False,retain <=5 normal FPH; maximize recall; within .02 recall highest F1; precision final tie-break,,,,,,,
2ec9ed77fe59a7a28f18,causal14_clean,screen,top2_mean,none,0.0,0.6,0.4,2,3,2.0,30,233,17,22,1,0.1048951048951049,0.6382978723404256,0.1801801801801801,142.20902081256506,-0.6906666666666668,0.6,0.4,2,2.0,False,False,False,True,retain <=5 normal FPH; maximize recall; within .02 recall highest F1; precision final tie-break,,,,,,,
8b9225a211d0c486397b,causal14_clean,screen,top2_mean,trailing3,0.0,0.6,0.4,2,3,2.0,27,211,20,21,1,0.1038461538461538,0.574468085106383,0.1758957654723127,128.78155961996234,-0.7007407407407407,0.6,0.4,2,2.0,False,False,False,True,retain <=5 normal FPH; maximize recall; within .02 recall highest F1; precision final tie-break,,,,,,,
099eac3300b14aeb65c4,causal14_clean,screen,top2_mean,trailing5,0.0,0.6,0.4,2,3,2.0,26,189,21,18,0,0.111587982832618,0.5531914893617021,0.1857142857142857,115.35409842735965,-0.8384615384615384,0.6,0.4,2,2.0,False,False,False,True,retain <=5 normal FPH; maximize recall; within .02 recall highest F1; precision final tie-break,,,,,,,
5b3906ddb5e1a0105ec6,causal14_clean,screen,top2_mean,trailing10,0.0,0.6,0.4,2,3,2.0,22,154,25,19,0,0.1128205128205128,0.4680851063829787,0.1818181818181818,93.99222834821896,-0.9563636363636362,0.6,0.4,2,2.0,False,False,False,True,retain <=5 normal FPH; maximize recall; within .02 recall highest F1; precision final tie-break,,,,,,,
44f21e83bb2edaeabb8b,causal14_clean,screen,top2_mean,ema5,0.0,0.6,0.4,2,3,2.0,25,180,22,19,0,0.1116071428571428,0.5319148936170213,0.1845018450184501,109.86104612129488,-0.7696000000000001,0.6,0.4,2,2.0,False,False,False,True,retain <=5 normal FPH; maximize recall; within .02 recall highest F1; precision final tie-break,,,,,,,
b4ace99a0255cb0e2e9c,causal14_clean,screen,top2_mean,ema10,0.0,0.6,0.4,2,3,2.0,21,138,26,18,0,0.1186440677966101,0.4468085106382978,0.1875,84.22680202632608,-0.8247619047619046,0.6,0.4,2,2.0,False,False,False,True,retain <=5 normal FPH; maximize recall; within .02 recall highest F1; precision final tie-break,,,,,,,
36c32ab8f4a132bdadfc,causal14_clean,screen,top2_mean,trailing60,0.0,0.6,0.4,2,3,2.0,18,113,29,14,0,0.1241379310344827,0.3829787234042553,0.1875,68.96832339836845,-1.097777777777778,0.6,0.4,2,2.0,False,False,False,True,retain <=5 normal FPH; maximize recall; within .02 recall highest F1; precision final tie-break,,,,,,,
04742c5adf0e1f1e0de1,causal14_clean,screen,top3_mean,none,0.0,0.6,0.4,2,3,2.0,30,176,17,20,1,0.13215859030837,0.6382978723404256,0.218978102189781,107.41968954082166,-0.6880000000000002,0.6,0.4,2,2.0,False,False,True,False,retain <=5 normal FPH; maximize recall; within .02 recall highest F1; precision final tie-break,,,,,,,
7661799d80893c494530,causal14_clean,screen,top3_mean,trailing3,0.0,0.6,0.4,2,3,2.0,26,164,21,20,1,0.1232227488151658,0.5531914893617021,0.2015503875968992,100.09561979940202,-0.6784615384615383,0.6,0.4,2,2.0,False,False,False,True,retain <=5 normal FPH; maximize recall; within .02 recall highest F1; precision final tie-break,,,,,,,
43bc3ff616babbe50b25,causal14_clean,screen,top3_mean,trailing5,0.0,0.6,0.4,2,3,2.0,26,149,21,18,0,0.1347150259067357,0.5531914893617021,0.2166666666666666,90.94053262262744,-0.7599999999999998,0.6,0.4,2,2.0,False,False,False,True,retain <=5 normal FPH; maximize recall; within .02 recall highest F1; precision final tie-break,,,,,,,
e6508b45559d669c04f5,causal14_clean,screen,top3_mean,trailing10,0.0,0.6,0.4,2,3,2.0,21,127,26,19,0,0.1257485029940119,0.4468085106382978,0.1962616822429906,77.51307143002472,-0.9371428571428568,0.6,0.4,2,2.0,False,False,False,True,retain <=5 normal FPH; maximize recall; within .02 recall highest F1; precision final tie-break,,,,,,,
572ae5fe9ce32d1a0e53,causal14_clean,screen,top3_mean,ema5,0.0,0.6,0.4,2,3,2.0,24,140,23,19,0,0.1311475409836065,0.5106382978723404,0.208695652173913,85.44748031656269,-0.7116666666666664,0.6,0.4,2,2.0,False,False,False,True,retain <=5 normal FPH; maximize recall; within .02 recall highest F1; precision final tie-break,,,,,,,
aec8c26ff8b582936bb4,causal14_clean,screen,top3_mean,ema10,0.0,0.6,0.4,2,3,2.0,20,115,27,19,0,0.1298701298701298,0.425531914893617,0.1990049751243781,70.18900168860507,-0.7820000000000001,0.6,0.4,2,2.0,False,False,False,True,retain <=5 normal FPH; maximize recall; within .02 recall highest F1; precision final tie-break,,,,,,,
be61aa92ce645e23b441,causal14_clean,screen,top3_mean,trailing60,0.0,0.6,0.4,2,3,2.0,17,100,30,14,0,0.1297709923664122,0.3617021276595745,0.1910112359550562,61.033914511830496,-1.0705882352941176,0.6,0.4,2,2.0,False,False,False,True,retain <=5 normal FPH; maximize recall; within .02 recall highest F1; precision final tie-break,,,,,,,
d135de4dcb0ca11c99ab,causal14_clean,screen,top5_mean,none,0.0,0.6,0.4,2,3,2.0,29,142,18,20,1,0.1510416666666666,0.6170212765957447,0.2426778242677824,86.66815860679931,-0.6482758620689654,0.6,0.4,2,2.0,False,False,True,False,retain <=5 normal FPH; maximize recall; within .02 recall highest F1; precision final tie-break,,,,,,,
0b2af094f7a7eee1741c,causal14_clean,screen,top5_mean,trailing3,0.0,0.6,0.4,2,3,2.0,26,136,21,20,1,0.1420765027322404,0.5531914893617021,0.2260869565217391,83.00612373608948,-0.5861538461538461,0.6,0.4,2,2.0,False,False,False,True,retain <=5 normal FPH; maximize recall; within .02 recall highest F1; precision final tie-break,,,,,,,
7385004d2386c6cc58e3,causal14_clean,screen,top5_mean,trailing5,0.0,0.6,0.4,2,3,2.0,26,128,21,18,0,0.1511627906976744,0.5531914893617021,0.2374429223744292,78.12341057514304,-0.6061538461538462,0.6,0.4,2,2.0,False,False,False,True,retain <=5 normal FPH; maximize recall; within .02 recall highest F1; precision final tie-break,,,,,,,
6c34931080fdab5c6e6f,causal14_clean,screen,top5_mean,trailing10,0.0,0.6,0.4,2,3,2.0,20,105,27,18,0,0.1398601398601398,0.425531914893617,0.2105263157894737,64.08561023742202,-0.876,0.6,0.4,2,2.0,False,False,False,True,retain <=5 normal FPH; maximize recall; within .02 recall highest F1; precision final tie-break,,,,,,,
97f2a4bc636d931dba4f,causal14_clean,screen,top5_mean,ema5,0.0,0.6,0.4,2,3,2.0,25,119,22,19,0,0.1533742331288343,0.5319148936170213,0.2380952380952381,72.63035826907829,-0.5199999999999999,0.6,0.4,2,2.0,False,False,False,True,retain <=5 normal FPH; maximize recall; within .02 recall highest F1; precision final tie-break,,,,,,,
961b781cbd7d7dbd24fd,causal14_clean,screen,top5_mean,ema10,0.0,0.6,0.4,2,3,2.0,19,101,28,18,0,0.1376811594202898,0.4042553191489361,0.2054054054054054,61.6442536569488,-0.6989473684210527,0.6,0.4,2,2.0,False,False,False,True,retain <=5 normal FPH; maximize recall; within .02 recall highest F1; precision final tie-break,,,,,,,
6df44d72834283432d61,causal14_clean,screen,top5_mean,trailing60,0.0,0.6,0.4,2,3,2.0,17,72,30,14,0,0.1650485436893204,0.3617021276595745,0.2266666666666666,43.94441844851796,-0.8352941176470589,0.6,0.4,2,2.0,False,False,False,True,retain <=5 normal FPH; maximize recall; within .02 recall highest F1; precision final tie-break,,,,,,,
913143efaf759212eba5,causal14_clean,detail,trimmed_mean,trailing60,0.0,0.3,0.05,2,3,2.0,21,68,26,19,0,0.1944444444444444,0.4468085106382978,0.2709677419354839,41.50306186804474,-0.9390476190476192,0.3,0.4,2,2.0,False,False,False,True,retain <=5 normal FPH; maximize recall; within .02 recall highest F1; precision final tie-break,,,,,,,
ec09c38adf58118462f8,causal14_clean,detail,trimmed_mean,trailing60,0.0,0.3,0.1,2,3,2.0,21,69,26,19,0,0.1926605504587156,0.4468085106382978,0.2692307692307692,42.11340101316304,-0.9390476190476192,0.3,0.4,2,2.0,False,False,False,True,retain <=5 normal FPH; maximize recall; within .02 recall highest F1; precision final tie-break,,,,,,,
9c7e765d09ad30ef1b24,causal14_clean,detail,trimmed_mean,trailing60,0.0,0.3,0.15,2,3,2.0,21,69,26,19,0,0.1926605504587156,0.4468085106382978,0.2692307692307692,42.11340101316304,-0.9390476190476192,0.3,0.4,2,2.0,False,False,False,True,retain <=5 normal FPH; maximize recall; within .02 recall highest F1; precision final tie-break,,,,,,,
8a2a0b8a77899f73aca5,causal14_clean,detail,trimmed_mean,trailing60,0.0,0.3,0.2,2,3,2.0,21,69,26,19,0,0.1926605504587156,0.4468085106382978,0.2692307692307692,42.11340101316304,-0.9390476190476192,0.3,0.4,2,2.0,False,False,False,True,retain <=5 normal FPH; maximize recall; within .02 recall highest F1; precision final tie-break,,,,,,,
a16f36f5aca9fed09045,causal14_clean,detail,trimmed_mean,trailing60,0.0,0.3,0.25,2,3,2.0,21,69,26,19,0,0.1926605504587156,0.4468085106382978,0.2692307692307692,42.11340101316304,-0.9390476190476192,0.3,0.4,2,2.0,False,False,False,True,retain <=5 normal FPH; maximize recall; within .02 recall highest F1; precision final tie-break,,,,,,,
c2d3873a03da2f915e61,causal14_clean,detail,trimmed_mean,trailing60,0.0,0.35,0.05,2,3,2.0,18,48,29,16,0,0.2195121951219512,0.3829787234042553,0.2790697674418605,29.29627896567864,-1.12,0.35,0.4,2,2.0,False,False,False,True,retain <=5 normal FPH; maximize recall; within .02 recall highest F1; precision final tie-break,,,,,,,
cdd96dc96e4c0b05ca0a,causal14_clean,detail,trimmed_mean,trailing60,0.0,0.35,0.1,2,3,2.0,18,48,29,16,0,0.2195121951219512,0.3829787234042553,0.2790697674418605,29.29627896567864,-1.12,0.35,0.4,2,2.0,False,False,False,True,retain <=5 normal FPH; maximize recall; within .02 recall highest F1; precision final tie-break,,,,,,,
0f34bc4ba830147a6362,causal14_clean,detail,trimmed_mean,trailing60,0.0,0.35,0.15,2,3,2.0,18,48,29,16,0,0.2195121951219512,0.3829787234042553,0.2790697674418605,29.29627896567864,-1.12,0.35,0.4,2,2.0,False,False,False,True,retain <=5 normal FPH; maximize recall; within .02 recall highest F1; precision final tie-break,,,,,,,
d8e03a054ac11d84dacd,causal14_clean,detail,trimmed_mean,trailing60,0.0,0.35,0.2,2,3,2.0,18,48,29,16,0,0.2195121951219512,0.3829787234042553,0.2790697674418605,29.29627896567864,-1.12,0.35,0.4,2,2.0,False,False,False,True,retain <=5 normal FPH; maximize recall; within .02 recall highest F1; precision final tie-break,,,,,,,
51d3c0fc43906af4e3ef,causal14_clean,detail,trimmed_mean,trailing60,0.0,0.35,0.25,2,3,2.0,18,48,29,16,0,0.2195121951219512,0.3829787234042553,0.2790697674418605,29.29627896567864,-1.12,0.35,0.4,2,2.0,False,False,False,True,retain <=5 normal FPH; maximize recall; within .02 recall highest F1; precision final tie-break,,,,,,,
f14953bb17f41a363cf7,causal14_clean,detail,trimmed_mean,trailing60,0.0,0.35,0.3,2,3,2.0,18,48,29,16,0,0.2195121951219512,0.3829787234042553,0.2790697674418605,29.29627896567864,-1.12,0.35,0.4,2,2.0,False,False,False,True,retain <=5 normal FPH; maximize recall; within .02 recall highest F1; precision final tie-break,,,,,,,
3b726d5385dff8c4f086,causal14_clean,detail,trimmed_mean,trailing60,0.0,0.4,0.05,2,3,2.0,17,29,30,14,0,0.2833333333333333,0.3617021276595745,0.3177570093457944,17.699835208430844,-1.0117647058823531,0.4,0.4,2,2.0,False,False,False,True,retain <=5 normal FPH; maximize recall; within .02 recall highest F1; precision final tie-break,,,,,,,
ecac5e1988402f0804c5,causal14_clean,detail,trimmed_mean,trailing60,0.0,0.4,0.1,2,3,2.0,17,29,30,14,0,0.2833333333333333,0.3617021276595745,0.3177570093457944,17.699835208430844,-1.0117647058823531,0.4,0.4,2,2.0,False,False,False,True,retain <=5 normal FPH; maximize recall; within .02 recall highest F1; precision final tie-break,,,,,,,
32b8989e71a434c30eb4,causal14_clean,detail,trimmed_mean,trailing60,0.0,0.4,0.15,2,3,2.0,17,29,30,14,0,0.2833333333333333,0.3617021276595745,0.3177570093457944,17.699835208430844,-1.0117647058823531,0.4,0.4,2,2.0,False,False,False,True,retain <=5 normal FPH; maximize recall; within .02 recall highest F1; precision final tie-break,,,,,,,
2e1e3595c75746b6a725,causal14_clean,detail,trimmed_mean,trailing60,0.0,0.4,0.2,2,3,2.0,17,29,30,14,0,0.2833333333333333,0.3617021276595745,0.3177570093457944,17.699835208430844,-1.0117647058823531,0.4,0.4,2,2.0,False,False,False,True,retain <=5 normal FPH; maximize recall; within .02 recall highest F1; precision final tie-break,,,,,,,
169aa14cbf1755d6fac5,causal14_clean,detail,trimmed_mean,trailing60,0.0,0.4,0.25,2,3,2.0,17,29,30,14,0,0.2833333333333333,0.3617021276595745,0.3177570093457944,17.699835208430844,-1.0117647058823531,0.4,0.4,2,2.0,False,False,False,True,retain <=5 normal FPH; maximize recall; within .02 recall highest F1; precision final tie-break,,,,,,,
0e5fa7ef88e4effacab4,causal14_clean,detail,trimmed_mean,trailing60,0.0,0.4,0.3,2,3,2.0,17,29,30,14,0,0.2833333333333333,0.3617021276595745,0.3177570093457944,17.699835208430844,-1.0117647058823531,0.4,0.4,2,2.0,False,False,False,True,retain <=5 normal FPH; maximize recall; within .02 recall highest F1; precision final tie-break,,,,,,,
80e640a4e258b2f252e9,causal14_clean,detail,trimmed_mean,trailing60,0.0,0.4,0.35,2,3,2.0,17,29,30,14,1,0.2786885245901639,0.3617021276595745,0.3148148148148148,17.699835208430844,-1.0117647058823531,0.4,0.4,2,2.0,False,False,False,True,retain <=5 normal FPH; maximize recall; within .02 recall highest F1; precision final tie-break,,,,,,,
d330cd687ef71aa73f8f,causal14_clean,detail,trimmed_mean,trailing60,0.0,0.45,0.05,2,3,2.0,16,16,31,14,0,0.3478260869565217,0.3404255319148936,0.3440860215053763,9.76542632189288,-1.035,0.45,0.4,2,2.0,False,False,False,True,retain <=5 normal FPH; maximize recall; within .02 recall highest F1; precision final tie-break,,,,,,,
ba1a092f48132cea38e1,causal14_clean,detail,trimmed_mean,trailing60,0.0,0.45,0.1,2,3,2.0,16,16,31,14,0,0.3478260869565217,0.3404255319148936,0.3440860215053763,9.76542632189288,-1.035,0.45,0.4,2,2.0,False,False,False,True,retain <=5 normal FPH; maximize recall; within .02 recall highest F1; precision final tie-break,,,,,,,
adf14bc40c5ebb7fd705,causal14_clean,detail,trimmed_mean,trailing60,0.0,0.45,0.15,2,3,2.0,16,16,31,14,0,0.3478260869565217,0.3404255319148936,0.3440860215053763,9.76542632189288,-1.035,0.45,0.4,2,2.0,False,False,False,True,retain <=5 normal FPH; maximize recall; within .02 recall highest F1; precision final tie-break,,,,,,,
3d3975422bb979d235eb,causal14_clean,detail,trimmed_mean,trailing60,0.0,0.45,0.2,2,3,2.0,16,16,31,14,0,0.3478260869565217,0.3404255319148936,0.3440860215053763,9.76542632189288,-1.035,0.45,0.4,2,2.0,False,False,False,True,retain <=5 normal FPH; maximize recall; within .02 recall highest F1; precision final tie-break,,,,,,,
75205301e7e64e8d4260,causal14_clean,detail,trimmed_mean,trailing60,0.0,0.45,0.25,2,3,2.0,16,16,31,14,0,0.3478260869565217,0.3404255319148936,0.3440860215053763,9.76542632189288,-1.035,0.45,0.4,2,2.0,False,False,False,True,retain <=5 normal FPH; maximize recall; within .02 recall highest F1; precision final tie-break,,,,,,,
c37fce7a8133fecaf09a,causal14_clean,detail,trimmed_mean,trailing60,0.0,0.45,0.3,2,3,2.0,16,16,31,14,0,0.3478260869565217,0.3404255319148936,0.3440860215053763,9.76542632189288,-1.035,0.45,0.4,2,2.0,False,False,False,True,retain <=5 normal FPH; maximize recall; within .02 recall highest F1; precision final tie-break,,,,,,,
1655897079f0fb13840f,causal14_clean,detail,trimmed_mean,trailing60,0.0,0.45,0.35,2,3,2.0,16,16,31,15,0,0.3404255319148936,0.3404255319148936,0.3404255319148936,9.76542632189288,-1.035,0.45,0.4,2,2.0,False,False,False,True,retain <=5 normal FPH; maximize recall; within .02 recall highest F1; precision final tie-break,,,,,,,
f2323536044a607312a0,causal14_clean,detail,trimmed_mean,trailing60,0.0,0.45,0.4,2,3,2.0,16,16,31,15,0,0.3404255319148936,0.3404255319148936,0.3404255319148936,9.76542632189288,-1.035,0.45,0.4,2,2.0,False,False,False,True,retain <=5 normal FPH; maximize recall; within .02 recall highest F1; precision final tie-break,,,,,,,
6ee672d1d05fa4c0ef78,causal14_clean,detail,trimmed_mean,trailing60,0.0,0.5,0.05,2,3,2.0,18,13,29,11,0,0.4285714285714285,0.3829787234042553,0.4044943820224719,7.934408886537964,-0.997777777777778,0.5,0.4,2,2.0,False,False,False,True,retain <=5 normal FPH; maximize recall; within .02 recall highest F1; precision final tie-break,,,,,,,
a23cdb0a62f1339a1586,causal14_clean,detail,trimmed_mean,trailing60,0.0,0.5,0.1,2,3,2.0,18,13,29,11,0,0.4285714285714285,0.3829787234042553,0.4044943820224719,7.934408886537964,-0.997777777777778,0.5,0.4,2,2.0,False,False,False,True,retain <=5 normal FPH; maximize recall; within .02 recall highest F1; precision final tie-break,,,,,,,
ff4a93c749aeccc7773c,causal14_clean,detail,trimmed_mean,trailing60,0.0,0.5,0.15,2,3,2.0,18,13,29,11,0,0.4285714285714285,0.3829787234042553,0.4044943820224719,7.934408886537964,-0.997777777777778,0.5,0.4,2,2.0,False,False,False,True,retain <=5 normal FPH; maximize recall; within .02 recall highest F1; precision final tie-break,,,,,,,
15da728fcf105e63b920,causal14_clean,detail,trimmed_mean,trailing60,0.0,0.5,0.2,2,3,2.0,18,13,29,11,0,0.4285714285714285,0.3829787234042553,0.4044943820224719,7.934408886537964,-0.997777777777778,0.5,0.4,2,2.0,False,False,False,True,retain <=5 normal FPH; maximize recall; within .02 recall highest F1; precision final tie-break,,,,,,,
afee4c6f6d6ad88621f8,causal14_clean,detail,trimmed_mean,trailing60,0.0,0.5,0.25,2,3,2.0,18,13,29,11,0,0.4285714285714285,0.3829787234042553,0.4044943820224719,7.934408886537964,-0.997777777777778,0.5,0.4,2,2.0,False,False,False,True,retain <=5 normal FPH; maximize recall; within .02 recall highest F1; precision final tie-break,,,,,,,
08bf520c304c6c2866ed,causal14_clean,detail,trimmed_mean,trailing60,0.0,0.5,0.3,2,3,2.0,18,13,29,11,0,0.4285714285714285,0.3829787234042553,0.4044943820224719,7.934408886537964,-0.997777777777778,0.5,0.4,2,2.0,False,False,False,True,retain <=5 normal FPH; maximize recall; within .02 recall highest F1; precision final tie-break,,,,,,,
8f723ecc29a2a73471ca,causal14_clean,detail,trimmed_mean,trailing60,0.0,0.5,0.35,2,3,2.0,18,13,29,11,0,0.4285714285714285,0.3829787234042553,0.4044943820224719,7.934408886537964,-0.997777777777778,0.5,0.4,2,2.0,False,False,False,True,retain <=5 normal FPH; maximize recall; within .02 recall highest F1; precision final tie-break,,,,,,,
ff5b059bac6ec2e0bea9,causal14_clean,detail,trimmed_mean,trailing60,0.0,0.5,0.4,2,3,2.0,18,13,29,11,0,0.4285714285714285,0.3829787234042553,0.4044943820224719,7.934408886537964,-0.997777777777778,0.5,0.4,2,2.0,False,False,False,True,retain <=5 normal FPH; maximize recall; within .02 recall highest F1; precision final tie-break,,,,,,,
8a97e562e8bfa188eaea,causal14_clean,detail,trimmed_mean,trailing60,0.0,0.5,0.45,2,3,2.0,18,13,29,11,0,0.4285714285714285,0.3829787234042553,0.4044943820224719,7.934408886537964,-0.997777777777778,0.5,0.4,2,2.0,False,False,False,True,retain <=5 normal FPH; maximize recall; within .02 recall highest F1; precision final tie-break,,,,,,,
815e450c58709b80e6ee,causal14_clean,detail,trimmed_mean,trailing60,0.0,0.55,0.05,2,3,2.0,20,10,27,8,0,0.5263157894736842,0.425531914893617,0.4705882352941176,6.103391451183049,-0.522,0.55,0.4,2,2.0,False,False,True,False,retain <=5 normal FPH; maximize recall; within .02 recall highest F1; precision final tie-break,,,,,,,
0a771747df2f2992a1fe,causal14_clean,detail,trimmed_mean,trailing60,0.0,0.55,0.1,2,3,2.0,20,10,27,8,0,0.5263157894736842,0.425531914893617,0.4705882352941176,6.103391451183049,-0.522,0.55,0.4,2,2.0,False,False,True,False,retain <=5 normal FPH; maximize recall; within .02 recall highest F1; precision final tie-break,,,,,,,
4c72bfd66f341740e8e6,causal14_clean,detail,trimmed_mean,trailing60,0.0,0.55,0.15,2,3,2.0,20,10,27,8,0,0.5263157894736842,0.425531914893617,0.4705882352941176,6.103391451183049,-0.522,0.55,0.4,2,2.0,False,False,True,False,retain <=5 normal FPH; maximize recall; within .02 recall highest F1; precision final tie-break,,,,,,,
e25ffa8d5e7521542770,causal14_clean,detail,trimmed_mean,trailing60,0.0,0.55,0.2,2,3,2.0,20,10,27,8,0,0.5263157894736842,0.425531914893617,0.4705882352941176,6.103391451183049,-0.522,0.55,0.4,2,2.0,False,False,True,False,retain <=5 normal FPH; maximize recall; within .02 recall highest F1; precision final tie-break,,,,,,,
df127ed95410dccf42bb,causal14_clean,detail,trimmed_mean,trailing60,0.0,0.55,0.25,2,3,2.0,20,10,27,8,0,0.5263157894736842,0.425531914893617,0.4705882352941176,6.103391451183049,-0.522,0.55,0.4,2,2.0,False,False,True,False,retain <=5 normal FPH; maximize recall; within .02 recall highest F1; precision final tie-break,,,,,,,
797bc2fdc10b092c769b,causal14_clean,detail,trimmed_mean,trailing60,0.0,0.55,0.3,2,3,2.0,20,10,27,8,0,0.5263157894736842,0.425531914893617,0.4705882352941176,6.103391451183049,-0.522,0.55,0.4,2,2.0,False,False,True,False,retain <=5 normal FPH; maximize recall; within .02 recall highest F1; precision final tie-break,,,,,,,
52916ef1ca0911e31988,causal14_clean,detail,trimmed_mean,trailing60,0.0,0.55,0.35,2,3,2.0,20,10,27,8,0,0.5263157894736842,0.425531914893617,0.4705882352941176,6.103391451183049,-0.522,0.55,0.4,2,2.0,False,False,True,False,retain <=5 normal FPH; maximize recall; within .02 recall highest F1; precision final tie-break,,,,,,,
5abc6ad052dcf203c923,causal14_clean,detail,trimmed_mean,trailing60,0.0,0.55,0.4,2,3,2.0,20,10,27,8,0,0.5263157894736842,0.425531914893617,0.4705882352941176,6.103391451183049,-0.522,0.55,0.4,2,2.0,False,False,True,False,retain <=5 normal FPH; maximize recall; within .02 recall highest F1; precision final tie-break,,,,,,,
baa7da83d9c6c258773d,causal14_clean,detail,trimmed_mean,trailing60,0.0,0.55,0.45,2,3,2.0,20,10,27,8,0,0.5263157894736842,0.425531914893617,0.4705882352941176,6.103391451183049,-0.522,0.55,0.4,2,2.0,False,False,True,False,retain <=5 normal FPH; maximize recall; within .02 recall highest F1; precision final tie-break,,,,,,,
81548df2ae494e5a9ac1,causal14_clean,detail,trimmed_mean,trailing60,0.0,0.55,0.5,2,3,2.0,20,10,27,8,0,0.5263157894736842,0.425531914893617,0.4705882352941176,6.103391451183049,-0.522,0.55,0.4,2,2.0,False,False,True,False,retain <=5 normal FPH; maximize recall; within .02 recall highest F1; precision final tie-break,,,,,,,
85832124418db43b023a,causal14_clean,detail,trimmed_mean,trailing60,0.0,0.6,0.05,2,3,2.0,14,6,33,10,0,0.4666666666666667,0.2978723404255319,0.3636363636363636,3.66203487070983,-0.6028571428571429,0.6,0.4,2,2.0,True,False,True,False,retain <=5 normal FPH; maximize recall; within .02 recall highest F1; precision final tie-break,,,,,,,
5362fec938e60bf1dd80,causal14_clean,detail,trimmed_mean,trailing60,0.0,0.6,0.1,2,3,2.0,14,6,33,10,0,0.4666666666666667,0.2978723404255319,0.3636363636363636,3.66203487070983,-0.6028571428571429,0.6,0.4,2,2.0,True,False,True,False,retain <=5 normal FPH; maximize recall; within .02 recall highest F1; precision final tie-break,,,,,,,
03d520deb461c4a49827,causal14_clean,detail,trimmed_mean,trailing60,0.0,0.6,0.15,2,3,2.0,14,6,33,10,0,0.4666666666666667,0.2978723404255319,0.3636363636363636,3.66203487070983,-0.6028571428571429,0.6,0.4,2,2.0,True,False,True,False,retain <=5 normal FPH; maximize recall; within .02 recall highest F1; precision final tie-break,,,,,,,
3e4bfd792d48a7ee00c0,causal14_clean,detail,trimmed_mean,trailing60,0.0,0.6,0.2,2,3,2.0,14,6,33,10,0,0.4666666666666667,0.2978723404255319,0.3636363636363636,3.66203487070983,-0.6028571428571429,0.6,0.4,2,2.0,True,False,True,False,retain <=5 normal FPH; maximize recall; within .02 recall highest F1; precision final tie-break,,,,,,,
404650f82b496f11f4ca,causal14_clean,detail,trimmed_mean,trailing60,0.0,0.6,0.25,2,3,2.0,14,6,33,10,0,0.4666666666666667,0.2978723404255319,0.3636363636363636,3.66203487070983,-0.6028571428571429,0.6,0.4,2,2.0,True,False,True,False,retain <=5 normal FPH; maximize recall; within .02 recall highest F1; precision final tie-break,,,,,,,
4af9af828a5782b6a94a,causal14_clean,detail,trimmed_mean,trailing60,0.0,0.6,0.3,2,3,2.0,14,6,33,10,0,0.4666666666666667,0.2978723404255319,0.3636363636363636,3.66203487070983,-0.6028571428571429,0.6,0.4,2,2.0,True,False,True,False,retain <=5 normal FPH; maximize recall; within .02 recall highest F1; precision final tie-break,,,,,,,
ce7bfd04005169dd60d9,causal14_clean,detail,trimmed_mean,trailing60,0.0,0.6,0.35,2,3,2.0,14,6,33,10,0,0.4666666666666667,0.2978723404255319,0.3636363636363636,3.66203487070983,-0.6028571428571429,0.6,0.4,2,2.0,True,False,True,False,retain <=5 normal FPH; maximize recall; within .02 recall highest F1; precision final tie-break,,,,,,,
1eb27ec62b90ae68e399,causal14_clean,detail,trimmed_mean,trailing60,0.0,0.6,0.4,2,3,2.0,14,6,33,10,0,0.4666666666666667,0.2978723404255319,0.3636363636363636,3.66203487070983,-0.6028571428571429,0.6,0.4,2,2.0,True,False,True,False,retain <=5 normal FPH; maximize recall; within .02 recall highest F1; precision final tie-break,,,,,,,
d194ed1c0b5507a5559d,causal14_clean,detail,trimmed_mean,trailing60,0.0,0.6,0.45,2,3,2.0,14,6,33,10,0,0.4666666666666667,0.2978723404255319,0.3636363636363636,3.66203487070983,-0.6028571428571429,0.6,0.4,2,2.0,True,False,True,False,retain <=5 normal FPH; maximize recall; within .02 recall highest F1; precision final tie-break,,,,,,,
69e0131a7438a6de3258,causal14_clean,detail,trimmed_mean,trailing60,0.0,0.6,0.5,2,3,2.0,14,6,33,10,0,0.4666666666666667,0.2978723404255319,0.3636363636363636,3.66203487070983,-0.6028571428571429,0.6,0.4,2,2.0,True,False,True,False,retain <=5 normal FPH; maximize recall; within .02 recall highest F1; precision final tie-break,,,,,,,
6286f91b86d9f2ed657a,causal14_clean,detail,trimmed_mean,trailing60,0.0,0.65,0.05,2,3,2.0,10,4,37,10,0,0.4166666666666667,0.2127659574468085,0.2816901408450704,2.44135658047322,-1.028,0.65,0.4,2,2.0,True,False,True,False,retain <=5 normal FPH; maximize recall; within .02 recall highest F1; precision final tie-break,,,,,,,
3d82c8db0dbf058b4099,causal14_clean,detail,trimmed_mean,trailing60,0.0,0.65,0.1,2,3,2.0,10,4,37,10,0,0.4166666666666667,0.2127659574468085,0.2816901408450704,2.44135658047322,-1.028,0.65,0.4,2,2.0,True,False,True,False,retain <=5 normal FPH; maximize recall; within .02 recall highest F1; precision final tie-break,,,,,,,
7726439f92bba0023408,causal14_clean,detail,trimmed_mean,trailing60,0.0,0.65,0.15,2,3,2.0,10,4,37,10,0,0.4166666666666667,0.2127659574468085,0.2816901408450704,2.44135658047322,-1.028,0.65,0.4,2,2.0,True,False,True,False,retain <=5 normal FPH; maximize recall; within .02 recall highest F1; precision final tie-break,,,,,,,
78fb07e2e148622455ba,causal14_clean,detail,trimmed_mean,trailing60,0.0,0.65,0.2,2,3,2.0,10,4,37,10,0,0.4166666666666667,0.2127659574468085,0.2816901408450704,2.44135658047322,-1.028,0.65,0.4,2,2.0,True,False,True,False,retain <=5 normal FPH; maximize recall; within .02 recall highest F1; precision final tie-break,,,,,,,
4af9e1e22375517a3f52,causal14_clean,detail,trimmed_mean,trailing60,0.0,0.65,0.25,2,3,2.0,10,4,37,10,0,0.4166666666666667,0.2127659574468085,0.2816901408450704,2.44135658047322,-1.028,0.65,0.4,2,2.0,True,False,True,False,retain <=5 normal FPH; maximize recall; within .02 recall highest F1; precision final tie-break,,,,,,,
2621631fdd5e0e36ecdc,causal14_clean,detail,trimmed_mean,trailing60,0.0,0.65,0.3,2,3,2.0,10,4,37,10,0,0.4166666666666667,0.2127659574468085,0.2816901408450704,2.44135658047322,-1.028,0.65,0.4,2,2.0,True,False,True,False,retain <=5 normal FPH; maximize recall; within .02 recall highest F1; precision final tie-break,,,,,,,
73f284dda6fed3f8c599,causal14_clean,detail,trimmed_mean,trailing60,0.0,0.65,0.35,2,3,2.0,10,4,37,10,0,0.4166666666666667,0.2127659574468085,0.2816901408450704,2.44135658047322,-1.028,0.65,0.4,2,2.0,True,False,True,False,retain <=5 normal FPH; maximize recall; within .02 recall highest F1; precision final tie-break,,,,,,,
e5dc9170c15c78fa5482,causal14_clean,detail,trimmed_mean,trailing60,0.0,0.65,0.4,2,3,2.0,10,4,37,10,0,0.4166666666666667,0.2127659574468085,0.2816901408450704,2.44135658047322,-1.028,0.65,0.4,2,2.0,True,False,True,False,retain <=5 normal FPH; maximize recall; within .02 recall highest F1; precision final tie-break,,,,,,,
e47012505f35cb0ac0dc,causal14_clean,detail,trimmed_mean,trailing60,0.0,0.65,0.45,2,3,2.0,10,4,37,10,0,0.4166666666666667,0.2127659574468085,0.2816901408450704,2.44135658047322,-1.028,0.65,0.4,2,2.0,True,False,True,False,retain <=5 normal FPH; maximize recall; within .02 recall highest F1; precision final tie-break,,,,,,,
eb169c234b7d9e98c9aa,causal14_clean,detail,trimmed_mean,trailing60,0.0,0.65,0.5,2,3,2.0,10,4,37,10,0,0.4166666666666667,0.2127659574468085,0.2816901408450704,2.44135658047322,-1.028,0.65,0.4,2,2.0,True,False,True,False,retain <=5 normal FPH; maximize recall; within .02 recall highest F1; precision final tie-break,,,,,,,
93d97e725fd012e9be42,causal14_clean,detail,trimmed_mean,trailing60,0.0,0.7,0.05,2,3,2.0,9,3,38,5,0,0.5294117647058824,0.1914893617021276,0.28125,1.831017435354915,-0.6400000000000001,0.7,0.4,2,2.0,True,False,True,False,retain <=5 normal FPH; maximize recall; within .02 recall highest F1; precision final tie-break,,,,,,,
955ad5249a2fcb13dfbc,causal14_clean,detail,trimmed_mean,trailing60,0.0,0.7,0.1,2,3,2.0,9,3,38,5,0,0.5294117647058824,0.1914893617021276,0.28125,1.831017435354915,-0.6400000000000001,0.7,0.4,2,2.0,True,False,True,False,retain <=5 normal FPH; maximize recall; within .02 recall highest F1; precision final tie-break,,,,,,,
2b085d048f45752db923,causal14_clean,detail,trimmed_mean,trailing60,0.0,0.7,0.15,2,3,2.0,9,3,38,5,0,0.5294117647058824,0.1914893617021276,0.28125,1.831017435354915,-0.6400000000000001,0.7,0.4,2,2.0,True,False,True,False,retain <=5 normal FPH; maximize recall; within .02 recall highest F1; precision final tie-break,,,,,,,
fa61768c0af9e7c3e310,causal14_clean,detail,trimmed_mean,trailing60,0.0,0.7,0.2,2,3,2.0,9,3,38,5,0,0.5294117647058824,0.1914893617021276,0.28125,1.831017435354915,-0.6400000000000001,0.7,0.4,2,2.0,True,False,True,False,retain <=5 normal FPH; maximize recall; within .02 recall highest F1; precision final tie-break,,,,,,,
39a8e676bd653d7a025f,causal14_clean,detail,trimmed_mean,trailing60,0.0,0.7,0.25,2,3,2.0,9,3,38,5,0,0.5294117647058824,0.1914893617021276,0.28125,1.831017435354915,-0.6400000000000001,0.7,0.4,2,2.0,True,False,True,False,retain <=5 normal FPH; maximize recall; within .02 recall highest F1; precision final tie-break,,,,,,,
10dec53c011e584b14e7,causal14_clean,detail,trimmed_mean,trailing60,0.0,0.7,0.3,2,3,2.0,9,3,38,5,0,0.5294117647058824,0.1914893617021276,0.28125,1.831017435354915,-0.6400000000000001,0.7,0.4,2,2.0,True,False,True,False,retain <=5 normal FPH; maximize recall; within .02 recall highest F1; precision final tie-break,,,,,,,
cea540ee49ec89609b05,causal14_clean,detail,trimmed_mean,trailing60,0.0,0.7,0.35,2,3,2.0,9,3,38,5,0,0.5294117647058824,0.1914893617021276,0.28125,1.831017435354915,-0.6400000000000001,0.7,0.4,2,2.0,True,False,True,False,retain <=5 normal FPH; maximize recall; within .02 recall highest F1; precision final tie-break,,,,,,,
a32ea9981c0c4aea8403,causal14_clean,detail,trimmed_mean,trailing60,0.0,0.7,0.4,2,3,2.0,9,3,38,5,0,0.5294117647058824,0.1914893617021276,0.28125,1.831017435354915,-0.6400000000000001,0.7,0.4,2,2.0,True,False,True,False,retain <=5 normal FPH; maximize recall; within .02 recall highest F1; precision final tie-break,,,,,,,
45488f8413569e611326,causal14_clean,detail,trimmed_mean,trailing60,0.0,0.7,0.45,2,3,2.0,9,3,38,5,0,0.5294117647058824,0.1914893617021276,0.28125,1.831017435354915,-0.6400000000000001,0.7,0.4,2,2.0,True,False,True,False,retain <=5 normal FPH; maximize recall; within .02 recall highest F1; precision final tie-break,,,,,,,
819ce3962a25d7b9f452,causal14_clean,detail,trimmed_mean,trailing60,0.0,0.7,0.5,2,3,2.0,9,3,38,5,0,0.5294117647058824,0.1914893617021276,0.28125,1.831017435354915,-0.6400000000000001,0.7,0.4,2,2.0,True,False,True,False,retain <=5 normal FPH; maximize recall; within .02 recall highest F1; precision final tie-break,,,,,,,
66538a91cd1d7d05126b,causal14_clean,detail,trimmed_mean,trailing60,0.0,0.75,0.05,2,3,2.0,6,0,41,2,0,0.75,0.1276595744680851,0.2181818181818182,0.0,-0.4333333333333333,0.75,0.4,2,2.0,True,False,True,False,retain <=5 normal FPH; maximize recall; within .02 recall highest F1; precision final tie-break,,,,,,,
93d8993b0385011ba38a,causal14_clean,detail,trimmed_mean,trailing60,0.0,0.75,0.1,2,3,2.0,6,0,41,2,0,0.75,0.1276595744680851,0.2181818181818182,0.0,-0.4333333333333333,0.75,0.4,2,2.0,True,False,True,False,retain <=5 normal FPH; maximize recall; within .02 recall highest F1; precision final tie-break,,,,,,,
d959a21b12d29232f6dc,causal14_clean,detail,trimmed_mean,trailing60,0.0,0.75,0.15,2,3,2.0,6,0,41,2,0,0.75,0.1276595744680851,0.2181818181818182,0.0,-0.4333333333333333,0.75,0.4,2,2.0,True,False,True,False,retain <=5 normal FPH; maximize recall; within .02 recall highest F1; precision final tie-break,,,,,,,
3f276d96ff1a49985d6e,causal14_clean,detail,trimmed_mean,trailing60,0.0,0.75,0.2,2,3,2.0,6,0,41,2,0,0.75,0.1276595744680851,0.2181818181818182,0.0,-0.4333333333333333,0.75,0.4,2,2.0,True,False,True,False,retain <=5 normal FPH; maximize recall; within .02 recall highest F1; precision final tie-break,,,,,,,
38dae2c485fcecfd7165,causal14_clean,detail,trimmed_mean,trailing60,0.0,0.75,0.25,2,3,2.0,6,0,41,2,0,0.75,0.1276595744680851,0.2181818181818182,0.0,-0.4333333333333333,0.75,0.4,2,2.0,True,False,True,False,retain <=5 normal FPH; maximize recall; within .02 recall highest F1; precision final tie-break,,,,,,,
a22796a7f61aa07b9082,causal14_clean,detail,trimmed_mean,trailing60,0.0,0.75,0.3,2,3,2.0,6,0,41,2,0,0.75,0.1276595744680851,0.2181818181818182,0.0,-0.4333333333333333,0.75,0.4,2,2.0,True,False,True,False,retain <=5 normal FPH; maximize recall; within .02 recall highest F1; precision final tie-break,,,,,,,
2f046edbc70c01776212,causal14_clean,detail,trimmed_mean,trailing60,0.0,0.75,0.35,2,3,2.0,6,0,41,2,0,0.75,0.1276595744680851,0.2181818181818182,0.0,-0.4333333333333333,0.75,0.4,2,2.0,True,False,True,False,retain <=5 normal FPH; maximize recall; within .02 recall highest F1; precision final tie-break,,,,,,,
4a01f2561322bc328fd6,causal14_clean,detail,trimmed_mean,trailing60,0.0,0.75,0.4,2,3,2.0,6,0,41,2,0,0.75,0.1276595744680851,0.2181818181818182,0.0,-0.4333333333333333,0.75,0.4,2,2.0,True,False,True,False,retain <=5 normal FPH; maximize recall; within .02 recall highest F1; precision final tie-break,,,,,,,
852b3041e4e181be09f2,causal14_clean,detail,trimmed_mean,trailing60,0.0,0.75,0.45,2,3,2.0,6,0,41,2,0,0.75,0.1276595744680851,0.2181818181818182,0.0,-0.4333333333333333,0.75,0.4,2,2.0,True,False,True,False,retain <=5 normal FPH; maximize recall; within .02 recall highest F1; precision final tie-break,,,,,,,
8471a65035d424aeef19,causal14_clean,detail,trimmed_mean,trailing60,0.0,0.75,0.5,2,3,2.0,6,0,41,2,0,0.75,0.1276595744680851,0.2181818181818182,0.0,-0.4333333333333333,0.75,0.4,2,2.0,True,False,True,False,retain <=5 normal FPH; maximize recall; within .02 recall highest F1; precision final tie-break,,,,,,,
fb04d85e7eefa12b2098,causal14_clean,detail,trimmed_mean,trailing60,0.0,0.8,0.05,2,3,2.0,4,0,43,1,0,0.8,0.0851063829787234,0.1538461538461538,0.0,0.35,0.8,0.4,2,2.0,True,False,False,True,retain <=5 normal FPH; maximize recall; within .02 recall highest F1; precision final tie-break,,,,,,,
a41b2922a30a099a8caf,causal14_clean,detail,trimmed_mean,trailing60,0.0,0.8,0.1,2,3,2.0,4,0,43,1,0,0.8,0.0851063829787234,0.1538461538461538,0.0,0.35,0.8,0.4,2,2.0,True,False,False,True,retain <=5 normal FPH; maximize recall; within .02 recall highest F1; precision final tie-break,,,,,,,
accbd3a6e80eb7cab1f4,causal14_clean,detail,trimmed_mean,trailing60,0.0,0.8,0.15,2,3,2.0,4,0,43,1,0,0.8,0.0851063829787234,0.1538461538461538,0.0,0.35,0.8,0.4,2,2.0,True,False,False,True,retain <=5 normal FPH; maximize recall; within .02 recall highest F1; precision final tie-break,,,,,,,
8e8cf47c5b8c273f4016,causal14_clean,detail,trimmed_mean,trailing60,0.0,0.8,0.2,2,3,2.0,4,0,43,1,0,0.8,0.0851063829787234,0.1538461538461538,0.0,0.35,0.8,0.4,2,2.0,True,False,False,True,retain <=5 normal FPH; maximize recall; within .02 recall highest F1; precision final tie-break,,,,,,,
7d48efab2a806c177cb6,causal14_clean,detail,trimmed_mean,trailing60,0.0,0.8,0.25,2,3,2.0,4,0,43,1,0,0.8,0.0851063829787234,0.1538461538461538,0.0,0.35,0.8,0.4,2,2.0,True,False,False,True,retain <=5 normal FPH; maximize recall; within .02 recall highest F1; precision final tie-break,,,,,,,
48370f1d91c15a8c6ad8,causal14_clean,detail,trimmed_mean,trailing60,0.0,0.8,0.3,2,3,2.0,4,0,43,1,0,0.8,0.0851063829787234,0.1538461538461538,0.0,0.35,0.8,0.4,2,2.0,True,False,False,True,retain <=5 normal FPH; maximize recall; within .02 recall highest F1; precision final tie-break,,,,,,,
9d9e77cb930af91c5cda,causal14_clean,detail,trimmed_mean,trailing60,0.0,0.8,0.35,2,3,2.0,4,0,43,1,0,0.8,0.0851063829787234,0.1538461538461538,0.0,0.35,0.8,0.4,2,2.0,True,False,False,True,retain <=5 normal FPH; maximize recall; within .02 recall highest F1; precision final tie-break,,,,,,,
9ef879927c2046739efb,causal14_clean,detail,trimmed_mean,trailing60,0.0,0.8,0.4,2,3,2.0,4,0,43,1,0,0.8,0.0851063829787234,0.1538461538461538,0.0,0.35,0.8,0.4,2,2.0,True,False,False,True,retain <=5 normal FPH; maximize recall; within .02 recall highest F1; precision final tie-break,,,,,,,
a77a553c22cea944634a,causal14_clean,detail,trimmed_mean,trailing60,0.0,0.8,0.45,2,3,2.0,4,0,43,1,0,0.8,0.0851063829787234,0.1538461538461538,0.0,0.35,0.8,0.4,2,2.0,True,False,False,True,retain <=5 normal FPH; maximize recall; within .02 recall highest F1; precision final tie-break,,,,,,,
d13085532ac4ab69e505,causal14_clean,detail,trimmed_mean,trailing60,0.0,0.8,0.5,2,3,2.0,4,0,43,1,0,0.8,0.0851063829787234,0.1538461538461538,0.0,0.35,0.8,0.4,2,2.0,True,False,False,True,retain <=5 normal FPH; maximize recall; within .02 recall highest F1; precision final tie-break,,,,,,,
67d3be46265d879c774f,causal14_clean,detail,trimmed_mean,trailing60,0.0,0.85,0.05,2,3,2.0,2,0,45,0,0,1.0,0.0425531914893617,0.0816326530612244,0.0,1.94,0.85,0.4,2,2.0,True,False,False,True,retain <=5 normal FPH; maximize recall; within .02 recall highest F1; precision final tie-break,,,,,,,
0842978914976c27f6a0,causal14_clean,detail,trimmed_mean,trailing60,0.0,0.85,0.1,2,3,2.0,2,0,45,0,0,1.0,0.0425531914893617,0.0816326530612244,0.0,1.94,0.85,0.4,2,2.0,True,False,False,True,retain <=5 normal FPH; maximize recall; within .02 recall highest F1; precision final tie-break,,,,,,,
ce1de95a9b78ba0c55df,causal14_clean,detail,trimmed_mean,trailing60,0.0,0.85,0.15,2,3,2.0,2,0,45,0,0,1.0,0.0425531914893617,0.0816326530612244,0.0,1.94,0.85,0.4,2,2.0,True,False,False,True,retain <=5 normal FPH; maximize recall; within .02 recall highest F1; precision final tie-break,,,,,,,
450613dc2e2347c9a417,causal14_clean,detail,trimmed_mean,trailing60,0.0,0.85,0.2,2,3,2.0,2,0,45,0,0,1.0,0.0425531914893617,0.0816326530612244,0.0,1.94,0.85,0.4,2,2.0,True,False,False,True,retain <=5 normal FPH; maximize recall; within .02 recall highest F1; precision final tie-break,,,,,,,
dca2a9ed7f0173d5fb36,causal14_clean,detail,trimmed_mean,trailing60,0.0,0.85,0.25,2,3,2.0,2,0,45,0,0,1.0,0.0425531914893617,0.0816326530612244,0.0,1.94,0.85,0.4,2,2.0,True,False,False,True,retain <=5 normal FPH; maximize recall; within .02 recall highest F1; precision final tie-break,,,,,,,
8122e5d1a91b36393679,causal14_clean,detail,trimmed_mean,trailing60,0.0,0.85,0.3,2,3,2.0,2,0,45,0,0,1.0,0.0425531914893617,0.0816326530612244,0.0,1.94,0.85,0.4,2,2.0,True,False,False,True,retain <=5 normal FPH; maximize recall; within .02 recall highest F1; precision final tie-break,,,,,,,
853752eed522d39e4af4,causal14_clean,detail,trimmed_mean,trailing60,0.0,0.85,0.35,2,3,2.0,2,0,45,0,0,1.0,0.0425531914893617,0.0816326530612244,0.0,1.94,0.85,0.4,2,2.0,True,False,False,True,retain <=5 normal FPH; maximize recall; within .02 recall highest F1; precision final tie-break,,,,,,,
d32edc6a4a7ba63c9832,causal14_clean,detail,trimmed_mean,trailing60,0.0,0.85,0.4,2,3,2.0,2,0,45,0,0,1.0,0.0425531914893617,0.0816326530612244,0.0,1.94,0.85,0.4,2,2.0,True,False,False,True,retain <=5 normal FPH; maximize recall; within .02 recall highest F1; precision final tie-break,,,,,,,
9979d735e0a053d0a9fd,causal14_clean,detail,trimmed_mean,trailing60,0.0,0.85,0.45,2,3,2.0,2,0,45,0,0,1.0,0.0425531914893617,0.0816326530612244,0.0,1.94,0.85,0.4,2,2.0,True,False,False,True,retain <=5 normal FPH; maximize recall; within .02 recall highest F1; precision final tie-break,,,,,,,
53b447d5f0247b4f8970,causal14_clean,detail,trimmed_mean,trailing60,0.0,0.85,0.5,2,3,2.0,2,0,45,0,0,1.0,0.0425531914893617,0.0816326530612244,0.0,1.94,0.85,0.4,2,2.0,True,False,False,True,retain <=5 normal FPH; maximize recall; within .02 recall highest F1; precision final tie-break,,,,,,,
d3f690cfca5ab1588460,causal14_clean,detail,trimmed_mean,trailing60,0.0,0.9,0.05,2,3,2.0,0,0,47,0,0,0.0,0.0,0.0,0.0,,0.9,0.4,2,2.0,True,False,False,True,retain <=5 normal FPH; maximize recall; within .02 recall highest F1; precision final tie-break,,,,,,,
da155e51077aa044a840,causal14_clean,detail,trimmed_mean,trailing60,0.0,0.9,0.1,2,3,2.0,0,0,47,0,0,0.0,0.0,0.0,0.0,,0.9,0.4,2,2.0,True,False,False,True,retain <=5 normal FPH; maximize recall; within .02 recall highest F1; precision final tie-break,,,,,,,
a4cbb429a5fb09641210,causal14_clean,detail,trimmed_mean,trailing60,0.0,0.9,0.15,2,3,2.0,0,0,47,0,0,0.0,0.0,0.0,0.0,,0.9,0.4,2,2.0,True,False,False,True,retain <=5 normal FPH; maximize recall; within .02 recall highest F1; precision final tie-break,,,,,,,
a464b24d7447d8fa0da3,causal14_clean,detail,trimmed_mean,trailing60,0.0,0.9,0.2,2,3,2.0,0,0,47,0,0,0.0,0.0,0.0,0.0,,0.9,0.4,2,2.0,True,False,False,True,retain <=5 normal FPH; maximize recall; within .02 recall highest F1; precision final tie-break,,,,,,,
b1532434a4d0e6b9ba85,causal14_clean,detail,trimmed_mean,trailing60,0.0,0.9,0.25,2,3,2.0,0,0,47,0,0,0.0,0.0,0.0,0.0,,0.9,0.4,2,2.0,True,False,False,True,retain <=5 normal FPH; maximize recall; within .02 recall highest F1; precision final tie-break,,,,,,,
52019bdcd9772411a1d0,causal14_clean,detail,trimmed_mean,trailing60,0.0,0.9,0.3,2,3,2.0,0,0,47,0,0,0.0,0.0,0.0,0.0,,0.9,0.4,2,2.0,True,False,False,True,retain <=5 normal FPH; maximize recall; within .02 recall highest F1; precision final tie-break,,,,,,,
86784157b3912a63a569,causal14_clean,detail,trimmed_mean,trailing60,0.0,0.9,0.35,2,3,2.0,0,0,47,0,0,0.0,0.0,0.0,0.0,,0.9,0.4,2,2.0,True,False,False,True,retain <=5 normal FPH; maximize recall; within .02 recall highest F1; precision final tie-break,,,,,,,
35506d4c024b57d2d6fc,causal14_clean,detail,trimmed_mean,trailing60,0.0,0.9,0.4,2,3,2.0,0,0,47,0,0,0.0,0.0,0.0,0.0,,0.9,0.4,2,2.0,True,False,False,True,retain <=5 normal FPH; maximize recall; within .02 recall highest F1; precision final tie-break,,,,,,,
400bb3a79eeaacbe2ea1,causal14_clean,detail,trimmed_mean,trailing60,0.0,0.9,0.45,2,3,2.0,0,0,47,0,0,0.0,0.0,0.0,0.0,,0.9,0.4,2,2.0,True,False,False,True,retain <=5 normal FPH; maximize recall; within .02 recall highest F1; precision final tie-break,,,,,,,
6b784bcebcf1161dc03a,causal14_clean,detail,trimmed_mean,trailing60,0.0,0.9,0.5,2,3,2.0,0,0,47,0,0,0.0,0.0,0.0,0.0,,0.9,0.4,2,2.0,True,False,False,True,retain <=5 normal FPH; maximize recall; within .02 recall highest F1; precision final tie-break,,,,,,,
3fa6f4fbbeb2643142d0,causal14_clean,detail,trimmed_mean,trailing60,0.0,0.95,0.05,2,3,2.0,0,0,47,0,0,0.0,0.0,0.0,0.0,,0.95,0.4,2,2.0,True,False,False,True,retain <=5 normal FPH; maximize recall; within .02 recall highest F1; precision final tie-break,,,,,,,
98f4229568f44de208f2,causal14_clean,detail,trimmed_mean,trailing60,0.0,0.95,0.1,2,3,2.0,0,0,47,0,0,0.0,0.0,0.0,0.0,,0.95,0.4,2,2.0,True,False,False,True,retain <=5 normal FPH; maximize recall; within .02 recall highest F1; precision final tie-break,,,,,,,
bbc916d67b705cf4083d,causal14_clean,detail,trimmed_mean,trailing60,0.0,0.95,0.15,2,3,2.0,0,0,47,0,0,0.0,0.0,0.0,0.0,,0.95,0.4,2,2.0,True,False,False,True,retain <=5 normal FPH; maximize recall; within .02 recall highest F1; precision final tie-break,,,,,,,
b946e22b64780ffd1e71,causal14_clean,detail,trimmed_mean,trailing60,0.0,0.95,0.2,2,3,2.0,0,0,47,0,0,0.0,0.0,0.0,0.0,,0.95,0.4,2,2.0,True,False,False,True,retain <=5 normal FPH; maximize recall; within .02 recall highest F1; precision final tie-break,,,,,,,
2c7a53d4befcddfe42af,causal14_clean,detail,trimmed_mean,trailing60,0.0,0.95,0.25,2,3,2.0,0,0,47,0,0,0.0,0.0,0.0,0.0,,0.95,0.4,2,2.0,True,False,False,True,retain <=5 normal FPH; maximize recall; within .02 recall highest F1; precision final tie-break,,,,,,,
8767dd69b522f42aa1ea,causal14_clean,detail,trimmed_mean,trailing60,0.0,0.95,0.3,2,3,2.0,0,0,47,0,0,0.0,0.0,0.0,0.0,,0.95,0.4,2,2.0,True,False,False,True,retain <=5 normal FPH; maximize recall; within .02 recall highest F1; precision final tie-break,,,,,,,
034c6f9ea25cac62f401,causal14_clean,detail,trimmed_mean,trailing60,0.0,0.95,0.35,2,3,2.0,0,0,47,0,0,0.0,0.0,0.0,0.0,,0.95,0.4,2,2.0,True,False,False,True,retain <=5 normal FPH; maximize recall; within .02 recall highest F1; precision final tie-break,,,,,,,
297bc673eee23d12baf3,causal14_clean,detail,trimmed_mean,trailing60,0.0,0.95,0.4,2,3,2.0,0,0,47,0,0,0.0,0.0,0.0,0.0,,0.95,0.4,2,2.0,True,False,False,True,retain <=5 normal FPH; maximize recall; within .02 recall highest F1; precision final tie-break,,,,,,,
15d51a799b3195f7ac75,causal14_clean,detail,trimmed_mean,trailing60,0.0,0.95,0.45,2,3,2.0,0,0,47,0,0,0.0,0.0,0.0,0.0,,0.95,0.4,2,2.0,True,False,False,True,retain <=5 normal FPH; maximize recall; within .02 recall highest F1; precision final tie-break,,,,,,,
d2fc768d8c307db3aab7,causal14_clean,detail,trimmed_mean,trailing60,0.0,0.95,0.5,2,3,2.0,0,0,47,0,0,0.0,0.0,0.0,0.0,,0.95,0.4,2,2.0,True,False,False,True,retain <=5 normal FPH; maximize recall; within .02 recall highest F1; precision final tie-break,,,,,,,
7574af609ce3f218e023,causal14_clean,detail,trimmed_mean,trailing60,0.0,0.99,0.05,2,3,2.0,0,0,47,0,0,0.0,0.0,0.0,0.0,,0.99,0.4,2,2.0,True,False,False,True,retain <=5 normal FPH; maximize recall; within .02 recall highest F1; precision final tie-break,,,,,,,
91e18558350148d92044,causal14_clean,detail,trimmed_mean,trailing60,0.0,0.99,0.1,2,3,2.0,0,0,47,0,0,0.0,0.0,0.0,0.0,,0.99,0.4,2,2.0,True,False,False,True,retain <=5 normal FPH; maximize recall; within .02 recall highest F1; precision final tie-break,,,,,,,
cd813b58ab22908e5ec6,causal14_clean,detail,trimmed_mean,trailing60,0.0,0.99,0.15,2,3,2.0,0,0,47,0,0,0.0,0.0,0.0,0.0,,0.99,0.4,2,2.0,True,False,False,True,retain <=5 normal FPH; maximize recall; within .02 recall highest F1; precision final tie-break,,,,,,,
59612226f075cf0ed4a3,causal14_clean,detail,trimmed_mean,trailing60,0.0,0.99,0.2,2,3,2.0,0,0,47,0,0,0.0,0.0,0.0,0.0,,0.99,0.4,2,2.0,True,False,False,True,retain <=5 normal FPH; maximize recall; within .02 recall highest F1; precision final tie-break,,,,,,,
9e17cd3c666b1d556028,causal14_clean,detail,trimmed_mean,trailing60,0.0,0.99,0.25,2,3,2.0,0,0,47,0,0,0.0,0.0,0.0,0.0,,0.99,0.4,2,2.0,True,False,False,True,retain <=5 normal FPH; maximize recall; within .02 recall highest F1; precision final tie-break,,,,,,,
a0a9181d1fa56de23ecf,causal14_clean,detail,trimmed_mean,trailing60,0.0,0.99,0.3,2,3,2.0,0,0,47,0,0,0.0,0.0,0.0,0.0,,0.99,0.4,2,2.0,True,False,False,True,retain <=5 normal FPH; maximize recall; within .02 recall highest F1; precision final tie-break,,,,,,,
183d9d5e1f773360552a,causal14_clean,detail,trimmed_mean,trailing60,0.0,0.99,0.35,2,3,2.0,0,0,47,0,0,0.0,0.0,0.0,0.0,,0.99,0.4,2,2.0,True,False,False,True,retain <=5 normal FPH; maximize recall; within .02 recall highest F1; precision final tie-break,,,,,,,
ff34b9118f4421e83ef5,causal14_clean,detail,trimmed_mean,trailing60,0.0,0.99,0.4,2,3,2.0,0,0,47,0,0,0.0,0.0,0.0,0.0,,0.99,0.4,2,2.0,True,False,False,True,retain <=5 normal FPH; maximize recall; within .02 recall highest F1; precision final tie-break,,,,,,,
7c1556d9afd64e8601fe,causal14_clean,detail,trimmed_mean,trailing60,0.0,0.99,0.45,2,3,2.0,0,0,47,0,0,0.0,0.0,0.0,0.0,,0.99,0.4,2,2.0,True,False,False,True,retain <=5 normal FPH; maximize recall; within .02 recall highest F1; precision final tie-break,,,,,,,
9896927952ef7845c0b4,causal14_clean,detail,trimmed_mean,trailing60,0.0,0.99,0.5,2,3,2.0,0,0,47,0,0,0.0,0.0,0.0,0.0,,0.99,0.4,2,2.0,True,False,False,True,retain <=5 normal FPH; maximize recall; within .02 recall highest F1; precision final tie-break,,,,,,,
e9458d20a1060df8deb9,causal14_clean,reliability_sensitivity,trimmed_mean,trailing60,0.3,0.6,0.05,2,3,2.0,13,5,34,10,0,0.4642857142857143,0.2765957446808511,0.3466666666666667,3.0516957255915247,-0.6799999999999999,0.6,0.4,2,2.0,True,False,True,False,retain <=5 normal FPH; maximize recall; within .02 recall highest F1; precision final tie-break,,,,,,,
